booking_id,booking_reference,customer_id,booking_type,status,hotel_id,room_id,restaurant_id,table_id,activity_id,init_day,end_day,hour,num_people,total_price,currency,created_at
1,BKKZETONZI,151,restaurant_table,pending,,,4,26,,2026-12-18,2026-12-18,21:00,2,91.45,EUR,2026-10-17 21:45:00
2,BKHD89V4OB,137,restaurant_table,completed,,,9,94,,2027-02-09,2027-02-09,21:00,6,152.01,EUR,2027-02-02 07:00:00
3,BKSKSYR67T,159,activity,pending,,,,,14,2027-04-27,2027-04-27,,2,76.62,EUR,2027-04-16 20:30:00
4,BKVW7I7HDL,37,restaurant_table,confirmed,,,29,373,,2027-02-19,2027-02-19,20:30,2,29.49,EUR,2027-01-28 18:45:00
5,BKF3AV7TQV,26,hotel_room,confirmed,24,1743,,,,2027-02-17,2027-02-21,,1,182.36,EUR,2026-12-09 13:45:00
6,BK8FRVABKG,114,restaurant_table,pending,,,26,327,,2026-12-18,2026-12-18,15:00,1,31.91,EUR,2026-12-07 14:45:00
7,BKU68B3AUM,33,hotel_room,confirmed,2,119,,,,2026-12-18,2026-12-20,,2,361.28,EUR,2026-09-07 18:00:00
8,BK8I4TIUWH,63,restaurant_table,completed,,,1,3,,2027-03-10,2027-03-10,13:30,6,296.72,EUR,2027-02-27 07:15:00
9,BKZEV75NYZ,36,restaurant_table,confirmed,,,2,4,,2027-02-24,2027-02-24,20:00,2,64.5,EUR,2026-11-24 21:15:00
10,BKWPDAV8U1,24,activity,confirmed,,,,,2,2026-10-26,2026-10-26,,2,16.5,EUR,2026-08-14 14:15:00
11,BKWHGYSPZC,169,hotel_room,confirmed,10,721,,,,2026-11-25,2026-11-28,,2,488.31,EUR,2026-09-23 12:30:00
12,BK0AVPSL7F,97,hotel_room,completed,17,1202,,,,2026-12-30,2027-01-01,,3,58.44,EUR,2026-10-21 20:45:00
13,BKV8T0QCXH,10,restaurant_table,no_show,,,9,89,,2027-03-29,2027-03-29,21:00,3,70.72,EUR,2027-01-28 17:15:00
14,BK0N1I6GQQ,174,hotel_room,confirmed,18,1306,,,,2026-09-01,2026-09-04,,1,583.62,EUR,2026-07-29 11:45:00
15,BK5ZQALL68,196,hotel_room,confirmed,4,312,,,,2026-11-21,2026-11-24,,2,382.59,EUR,2026-09-08 08:45:00
16,BKHPV83I5H,117,activity,confirmed,,,,,10,2027-01-09,2027-01-09,,1,8.67,EUR,2026-12-05 17:30:00
17,BKMTN67E65,53,hotel_room,completed,7,476,,,,2027-01-20,2027-01-22,,1,104.98,EUR,2026-10-04 15:00:00
18,BK42AQGOAA,160,restaurant_table,completed,,,15,176,,2027-03-11,2027-03-11,14:00,2,56.27,EUR,2027-02-11 19:30:00
19,BKZIWQKCQE,168,activity,confirmed,,,,,6,2026-10-20,2026-10-20,,2,92.56,EUR,2026-10-17 12:15:00
20,BKBD5RGNKR,96,restaurant_table,confirmed,,,28,357,,2027-04-17,2027-04-17,13:30,7,192.1,EUR,2027-03-13 15:00:00
21,BKTGJJR83B,151,activity,confirmed,,,,,4,2027-04-04,2027-04-04,,3,92.07,EUR,2027-03-25 08:45:00
22,BK5TJLSAQN,45,restaurant_table,confirmed,,,18,224,,2026-10-09,2026-10-09,21:00,1,28.83,EUR,2026-09-16 18:00:00
23,BKD4AJ8Z2K,15,hotel_room,confirmed,4,313,,,,2026-10-20,2026-10-23,,3,382.59,EUR,2026-07-23 19:15:00
24,BKZ0IEXM08,150,activity,pending,,,,,3,2027-03-19,2027-03-19,,2,48.28,EUR,2027-01-01 17:15:00
25,BK3N3FMC2K,42,hotel_room,confirmed,11,773,,,,2026-09-16,2026-09-17,,1,81.39,EUR,2026-06-05 07:00:00
26,BKJLHBQUR0,29,hotel_room,confirmed,7,522,,,,2027-01-23,2027-01-26,,1,345.27,EUR,2027-01-13 19:45:00
27,BKQTP0DJOT,76,activity,completed,,,,,2,2027-01-24,2027-01-24,,4,33.0,EUR,2026-11-24 07:45:00
28,BKZAJVLNRF,37,activity,confirmed,,,,,15,2027-04-20,2027-04-20,,5,51.9,EUR,2027-03-04 11:00:00
29,BKLYBNL0WU,25,activity,confirmed,,,,,15,2027-04-28,2027-04-28,,2,20.76,EUR,2027-01-23 21:45:00
30,BKRWW8WHYC,34,hotel_room,confirmed,5,374,,,,2026-12-14,2026-12-17,,1,354.57,EUR,2026-11-05 07:15:00
31,BKQ49160IN,119,hotel_room,confirmed,19,1400,,,,2027-01-16,2027-01-23,,3,837.48,EUR,2026-11-25 16:45:00
32,BK9FHC5SIF,112,hotel_room,confirmed,2,73,,,,2027-01-07,2027-01-13,,2,312.78,EUR,2026-11-02 14:45:00
33,BKUOR8R61R,115,hotel_room,confirmed,2,123,,,,2027-01-14,2027-01-16,,1,95.52,EUR,2026-10-12 11:15:00
34,BK1LJAKEKM,191,activity,completed,,,,,1,2027-01-08,2027-01-08,,3,114.24,EUR,2026-11-16 17:30:00
35,BKADBB97YP,75,restaurant_table,confirmed,,,22,278,,2026-10-08,2026-10-08,21:30,5,226.49,EUR,2026-06-17 13:15:00
36,BKQHZABFYJ,61,restaurant_table,completed,,,13,152,,2026-11-01,2026-11-01,20:30,1,48.4,EUR,2026-08-20 09:00:00
37,BKT8F914QY,63,hotel_room,confirmed,16,1142,,,,2026-12-26,2026-12-29,,4,811.32,EUR,2026-11-06 07:30:00
38,BKG7FUF9XQ,85,hotel_room,completed,1,66,,,,2026-12-21,2026-12-24,,1,278.79,EUR,2026-11-19 21:00:00
39,BKXNUPR00B,115,restaurant_table,confirmed,,,25,321,,2026-10-09,2026-10-09,22:00,4,98.07,EUR,2026-06-22 07:00:00
40,BKD9IRBI8F,177,hotel_room,confirmed,19,1392,,,,2027-04-16,2027-04-18,,5,433.76,EUR,2027-03-28 08:00:00
41,BKZJC7W6E5,68,restaurant_table,completed,,,30,376,,2027-02-15,2027-02-15,14:00,4,109.61,EUR,2027-01-09 07:15:00
42,BK3BASFKG9,36,restaurant_table,confirmed,,,29,368,,2026-12-29,2026-12-29,14:00,2,26.31,EUR,2026-08-31 14:30:00
43,BKSZHCD3LO,15,restaurant_table,cancelled,,,11,115,,2027-01-19,2027-01-19,13:30,2,26.12,EUR,2026-12-08 18:00:00
44,BKFLMI1EWF,33,hotel_room,confirmed,14,957,,,,2026-09-14,2026-09-17,,2,1735.95,EUR,2026-07-17 09:00:00
45,BKYCTLJ20O,163,hotel_room,completed,9,690,,,,2027-01-06,2027-01-07,,3,191.05,EUR,2026-12-08 15:30:00
46,BK5JQPW90F,126,hotel_room,pending,1,14,,,,2027-02-07,2027-02-10,,1,278.79,EUR,2026-12-05 13:30:00
47,BKLZ2A6Z0Y,90,activity,pending,,,,,9,2026-10-14,2026-10-14,,3,76.08,EUR,2026-07-19 11:45:00
48,BKE20826RS,122,activity,completed,,,,,13,2026-12-12,2026-12-12,,4,43.4,EUR,2026-08-24 11:30:00
49,BK64TJIPUR,54,hotel_room,no_show,3,238,,,,2026-10-24,2026-10-27,,4,2127.78,EUR,2026-10-10 23:30:00
50,BKV1QWKWQL,5,hotel_room,confirmed,10,739,,,,2026-12-17,2026-12-21,,3,1210.96,EUR,2026-12-02 11:00:00
51,BK5M89F7J3,64,activity,completed,,,,,11,2027-02-24,2027-02-24,,2,16.58,EUR,2026-11-17 10:00:00
52,BKE77R08BZ,104,hotel_room,confirmed,22,1618,,,,2026-10-30,2026-11-04,,1,890.1,EUR,2026-08-04 16:15:00
53,BKMRFLPBHZ,14,hotel_room,confirmed,25,1746,,,,2026-09-26,2026-09-28,,1,51.7,EUR,2026-09-05 18:30:00
54,BKDDMKDMG2,141,hotel_room,confirmed,24,1739,,,,2026-12-18,2026-12-22,,1,246.76,EUR,2026-11-29 10:45:00
55,BKG5G390CG,162,restaurant_table,completed,,,20,253,,2027-04-22,2027-04-22,22:00,2,27.57,EUR,2027-01-07 10:15:00
56,BKGS37VXAH,20,restaurant_table,cancelled,,,29,368,,2027-03-14,2027-03-14,22:30,3,42.39,EUR,2026-12-07 08:30:00
57,BK4I3DO3H0,28,hotel_room,confirmed,15,1070,,,,2027-02-28,2027-03-03,,2,911.04,EUR,2026-12-03 21:00:00
58,BKQ45H8M5V,59,hotel_room,confirmed,18,1302,,,,2026-09-29,2026-10-04,,2,796.5,EUR,2026-06-06 13:45:00
59,BK36CAKQSM,197,hotel_room,confirmed,14,1025,,,,2026-09-02,2026-09-08,,1,2036.64,EUR,2026-06-07 18:30:00
60,BK3QZ4BY2W,17,hotel_room,confirmed,13,874,,,,2026-12-10,2026-12-15,,1,663.8,EUR,2026-09-15 19:30:00
61,BKUDH0TJYE,2,hotel_room,completed,23,1677,,,,2026-11-02,2026-11-08,,3,680.46,EUR,2026-09-16 11:00:00
62,BK8OIS8S6E,57,hotel_room,confirmed,1,28,,,,2027-03-28,2027-03-31,,3,444.42,EUR,2026-12-09 13:00:00
63,BKOCJGXEY4,185,hotel_room,completed,10,699,,,,2027-03-09,2027-03-13,,4,908.92,EUR,2026-11-24 07:30:00
64,BKAUBHR50Q,197,hotel_room,confirmed,23,1705,,,,2026-12-13,2026-12-19,,3,442.14,EUR,2026-10-03 09:00:00
65,BKU4P9VUHI,140,activity,completed,,,,,8,2027-01-08,2027-01-08,,2,80.54,EUR,2026-10-25 20:00:00
66,BKVXQJYC3K,59,restaurant_table,completed,,,29,370,,2027-04-21,2027-04-21,15:00,2,31.11,EUR,2027-02-16 23:00:00
67,BKE2GB3ND6,119,restaurant_table,confirmed,,,1,1,,2026-11-15,2026-11-15,21:00,1,46.52,EUR,2026-10-27 08:30:00
68,BKUTO7BL2S,19,hotel_room,completed,13,884,,,,2027-02-12,2027-02-15,,2,398.28,EUR,2027-01-15 10:45:00
69,BKJ2L97TC2,107,restaurant_table,confirmed,,,17,203,,2027-02-28,2027-02-28,14:30,2,57.4,EUR,2026-11-21 19:45:00
70,BKNVN9Z40I,92,hotel_room,cancelled,5,315,,,,2026-12-24,2026-12-28,,3,639.64,EUR,2026-12-05 22:00:00
71,BKDVXPQAWB,176,restaurant_table,confirmed,,,7,64,,2026-12-20,2026-12-20,21:00,2,112.07,EUR,2026-10-30 14:15:00
72,BKQAUMU02D,189,restaurant_table,completed,,,27,352,,2027-03-17,2027-03-17,13:30,2,80.02,EUR,2026-12-30 21:45:00
73,BKP7QJL4NZ,192,hotel_room,confirmed,20,1477,,,,2027-01-06,2027-01-11,,2,925.25,EUR,2026-09-19 09:00:00
74,BKX51H5G1K,15,restaurant_table,confirmed,,,15,177,,2026-10-23,2026-10-23,13:30,3,88.82,EUR,2026-10-09 09:45:00
75,BKXLG1ANLL,8,restaurant_table,confirmed,,,6,55,,2026-12-05,2026-12-05,13:30,3,76.21,EUR,2026-09-22 14:00:00
76,BKLZR5ED18,7,activity,completed,,,,,12,2026-12-15,2026-12-15,,7,78.4,EUR,2026-12-13 10:30:00
77,BKFZM2CVAC,75,activity,completed,,,,,8,2026-12-28,2026-12-28,,2,80.54,EUR,2026-09-21 07:15:00
78,BKR21P9A8O,145,restaurant_table,confirmed,,,7,58,,2026-12-15,2026-12-15,21:30,8,365.07,EUR,2026-11-30 21:15:00
79,BKGOOI3K5L,139,hotel_room,pending,13,947,,,,2026-11-23,2026-11-30,,1,394.66,EUR,2026-08-02 18:30:00
80,BK1DI102ZV,44,activity,confirmed,,,,,3,2027-04-18,2027-04-18,,1,24.14,EUR,2027-01-24 08:30:00
81,BK2A681TA0,192,hotel_room,confirmed,6,458,,,,2026-10-23,2026-10-25,,1,105.32,EUR,2026-07-19 18:00:00
82,BKCKLEXTPC,72,hotel_room,cancelled,12,833,,,,2027-04-05,2027-04-07,,2,192.68,EUR,2026-12-07 10:15:00
83,BKPWECJXVW,16,hotel_room,confirmed,19,1319,,,,2026-10-11,2026-10-13,,2,226.46,EUR,2026-09-18 07:15:00
84,BKZ699SNMP,50,hotel_room,cancelled,24,1720,,,,2026-11-26,2026-11-28,,2,91.18,EUR,2026-08-03 08:15:00
85,BKW8OHIRRF,42,activity,confirmed,,,,,5,2027-04-06,2027-04-06,,3,29.85,EUR,2027-03-20 07:00:00
86,BKIDHJP5ZM,20,activity,completed,,,,,1,2026-12-23,2026-12-23,,6,228.48,EUR,2026-09-17 19:30:00
87,BKN2VGILZ2,20,hotel_room,confirmed,10,730,,,,2027-04-21,2027-04-23,,1,605.48,EUR,2026-12-31 15:00:00
88,BKUJ6ZQYGJ,180,restaurant_table,completed,,,4,27,,2026-12-05,2026-12-05,14:00,8,368.76,EUR,2026-08-17 15:45:00
89,BKIRDMKGEW,177,hotel_room,cancelled,20,1472,,,,2026-10-29,2026-11-04,,2,1699.74,EUR,2026-07-08 15:30:00
90,BKTPD7253I,67,hotel_room,cancelled,11,766,,,,2026-09-03,2026-09-08,,3,406.95,EUR,2026-08-16 10:00:00
91,BK8HLAT845,11,hotel_room,confirmed,5,361,,,,2026-10-04,2026-10-06,,1,236.38,EUR,2026-09-03 15:30:00
92,BK91WGWDKV,120,hotel_room,completed,21,1547,,,,2027-04-01,2027-04-03,,1,121.4,EUR,2026-12-09 14:15:00
93,BK8KU14IZL,5,restaurant_table,completed,,,22,275,,2026-12-20,2026-12-20,14:00,6,288.4,EUR,2026-09-16 23:15:00
94,BKXFZK9KLL,90,restaurant_table,confirmed,,,9,94,,2027-01-02,2027-01-02,13:30,5,144.73,EUR,2026-11-23 13:30:00
95,BKQLAFKKPR,23,hotel_room,confirmed,4,313,,,,2027-02-17,2027-02-21,,6,510.12,EUR,2026-12-08 20:15:00
96,BKK2CI0ZAQ,88,hotel_room,confirmed,19,1337,,,,2027-01-31,2027-02-06,,1,565.98,EUR,2026-11-08 20:45:00
97,BKPXM8LIKT,119,restaurant_table,pending,,,2,9,,2026-12-20,2026-12-20,13:30,1,24.99,EUR,2026-09-16 09:15:00
98,BK35CUZRZH,176,hotel_room,confirmed,19,1343,,,,2026-12-07,2026-12-10,,1,282.99,EUR,2026-12-04 23:15:00
99,BKUO3LMR1F,114,restaurant_table,confirmed,,,27,334,,2026-12-31,2026-12-31,22:00,4,170.37,EUR,2026-11-15 07:00:00
100,BKGYWRSHM3,46,restaurant_table,completed,,,22,274,,2027-04-08,2027-04-08,14:00,2,104.16,EUR,2027-02-28 11:15:00
101,BKNQSLCR1E,122,hotel_room,confirmed,22,1613,,,,2027-01-12,2027-01-14,,2,528.0,EUR,2026-09-16 08:45:00
102,BKCKS9O2TR,198,hotel_room,confirmed,11,750,,,,2026-09-23,2026-09-26,,2,344.58,EUR,2026-08-31 16:15:00
103,BKAKWS8XOY,195,hotel_room,confirmed,25,1776,,,,2026-12-19,2026-12-23,,2,324.88,EUR,2026-10-30 15:45:00
104,BKEAAVO6VU,124,hotel_room,confirmed,18,1309,,,,2026-09-11,2026-09-15,,2,637.2,EUR,2026-07-06 20:30:00
105,BK48EQ1DT5,166,restaurant_table,pending,,,9,90,,2026-09-24,2026-09-24,14:30,1,29.01,EUR,2026-06-13 08:15:00
106,BK3DZYF82W,107,restaurant_table,completed,,,24,300,,2026-11-15,2026-11-15,14:00,4,60.12,EUR,2026-10-12 15:15:00
107,BKTF7X7CDJ,116,hotel_room,completed,14,1013,,,,2027-03-13,2027-03-19,,1,3471.9,EUR,2026-11-17 09:30:00
108,BKBSPX01CV,10,hotel_room,confirmed,23,1680,,,,2027-01-26,2027-02-01,,3,680.46,EUR,2026-10-28 21:45:00
109,BKZ4H9ILL0,106,hotel_room,confirmed,8,596,,,,2027-01-09,2027-01-12,,3,886.83,EUR,2026-11-13 13:00:00
110,BK62661VN6,195,activity,confirmed,,,,,8,2027-04-22,2027-04-22,,4,161.08,EUR,2027-03-17 09:00:00
111,BKZBUUBTII,31,hotel_room,confirmed,20,1521,,,,2027-03-12,2027-03-16,,1,690.24,EUR,2026-12-14 12:45:00
112,BKB0ZNLDEZ,196,restaurant_table,cancelled,,,2,8,,2027-02-13,2027-02-13,21:30,3,81.4,EUR,2027-02-03 19:45:00
113,BK5H9J0UNO,119,hotel_room,confirmed,22,1565,,,,2027-01-27,2027-01-31,,1,2309.92,EUR,2026-11-09 09:15:00
114,BK8PFPUTBH,73,hotel_room,confirmed,24,1706,,,,2026-11-18,2026-11-20,,4,123.38,EUR,2026-10-28 07:15:00
115,BKXQ7KRO96,191,hotel_room,completed,19,1393,,,,2026-12-07,2026-12-12,,2,382.8,EUR,2026-10-11 13:00:00
116,BK8H046AYY,165,restaurant_table,completed,,,22,274,,2027-03-27,2027-03-27,13:00,1,41.22,EUR,2026-12-30 09:45:00
117,BKVAM2CH4D,154,hotel_room,completed,8,626,,,,2027-01-14,2027-01-20,,2,967.2,EUR,2026-10-31 11:00:00
118,BKB68C7E3K,103,activity,confirmed,,,,,7,2027-02-09,2027-02-09,,5,209.45,EUR,2026-12-13 08:15:00
119,BKBB3J76VL,165,hotel_room,completed,6,464,,,,2027-02-14,2027-02-19,,1,263.3,EUR,2026-10-29 23:30:00
120,BKHK4ZZIA9,9,restaurant_table,confirmed,,,21,263,,2026-09-23,2026-09-23,13:00,2,30.48,EUR,2026-07-09 10:45:00
121,BKRRNUYLQV,134,restaurant_table,no_show,,,27,333,,2026-11-01,2026-11-01,20:30,3,161.54,EUR,2026-09-08 13:30:00
122,BKKXN0BFJO,118,restaurant_table,completed,,,29,370,,2027-04-19,2027-04-19,13:00,2,26.14,EUR,2027-03-12 11:30:00
123,BK2AISPYUI,196,hotel_room,completed,1,24,,,,2026-12-25,2026-12-27,,2,159.1,EUR,2026-12-17 14:45:00
124,BK6F82XRBP,103,activity,confirmed,,,,,5,2026-09-11,2026-09-11,,2,19.9,EUR,2026-08-13 20:30:00
125,BKZ0JMIO1C,98,restaurant_table,confirmed,,,9,96,,2027-01-18,2027-01-18,13:30,4,109.84,EUR,2026-11-12 18:30:00
126,BKLIDQL7YL,43,hotel_room,confirmed,15,1104,,,,2027-03-18,2027-03-24,,5,1688.28,EUR,2027-01-02 16:45:00
127,BKMWYJ9PNU,193,activity,confirmed,,,,,10,2027-02-06,2027-02-06,,4,34.68,EUR,2026-12-09 20:15:00
128,BKATHPQ7LD,134,restaurant_table,confirmed,,,16,187,,2027-01-21,2027-01-21,20:00,5,151.77,EUR,2026-12-28 18:45:00
129,BKFJIZABAE,75,activity,pending,,,,,13,2026-11-04,2026-11-04,,5,54.25,EUR,2026-10-09 23:15:00
130,BKSENTHBN7,148,hotel_room,completed,21,1552,,,,2027-02-05,2027-02-09,,1,242.8,EUR,2026-12-27 14:00:00
131,BKKISAVJD7,47,hotel_room,cancelled,5,383,,,,2026-12-30,2027-01-02,,3,479.73,EUR,2026-09-14 19:30:00
132,BKI8CXZ8IA,22,hotel_room,completed,8,543,,,,2026-12-19,2026-12-21,,2,591.22,EUR,2026-09-30 15:45:00
133,BKV4JSATPT,126,hotel_room,confirmed,12,822,,,,2027-02-05,2027-02-08,,1,86.19,EUR,2026-10-08 23:45:00
134,BKGAD555MK,19,hotel_room,cancelled,23,1680,,,,2026-11-21,2026-11-24,,1,340.23,EUR,2026-09-20 17:45:00
135,BK74MN3CMT,188,hotel_room,confirmed,12,810,,,,2027-01-26,2027-01-29,,1,99.39,EUR,2026-12-14 09:15:00
136,BK280IOUEA,178,hotel_room,completed,10,712,,,,2026-11-10,2026-11-14,,5,908.92,EUR,2026-09-07 20:00:00
137,BKRWYMQCE9,91,restaurant_table,completed,,,14,161,,2026-09-20,2026-09-20,21:00,2,32.34,EUR,2026-08-29 18:00:00
138,BKRZXPHZD5,122,restaurant_table,completed,,,12,139,,2027-01-18,2027-01-18,21:00,7,213.95,EUR,2026-12-07 21:30:00
139,BKLF8BNYZK,197,hotel_room,no_show,10,693,,,,2026-11-21,2026-11-25,,3,925.72,EUR,2026-08-15 14:15:00
140,BKB288AJZU,41,activity,completed,,,,,12,2026-09-11,2026-09-11,,3,33.6,EUR,2026-07-02 19:30:00
141,BKV0IMDM3T,68,restaurant_table,cancelled,,,11,114,,2027-04-19,2027-04-19,14:30,8,129.22,EUR,2027-03-23 13:15:00
142,BK694CKCHF,139,activity,completed,,,,,9,2027-04-21,2027-04-21,,2,50.72,EUR,2027-02-24 22:00:00
143,BKYGGV8R9V,144,restaurant_table,pending,,,27,353,,2027-04-15,2027-04-15,22:00,3,165.06,EUR,2027-03-20 11:45:00
144,BKBUO4A44R,94,hotel_room,pending,6,439,,,,2026-09-29,2026-10-02,,1,157.98,EUR,2026-08-01 12:15:00
145,BKF2ESYEVP,148,restaurant_table,completed,,,10,108,,2027-03-05,2027-03-05,21:00,6,187.49,EUR,2026-12-08 11:15:00
146,BKIYE8TBIX,125,hotel_room,completed,16,1166,,,,2026-12-14,2026-12-18,,2,648.56,EUR,2026-10-28 14:00:00
147,BKPCZZP1AX,12,restaurant_table,confirmed,,,30,381,,2026-09-02,2026-09-02,13:30,7,187.24,EUR,2026-07-21 08:45:00
148,BKHKDPBJXI,6,hotel_room,confirmed,17,1228,,,,2026-11-08,2026-11-13,,1,252.25,EUR,2026-11-06 13:00:00
149,BKOHLZCD81,12,restaurant_table,completed,,,11,117,,2027-02-24,2027-02-24,13:30,4,70.63,EUR,2026-12-13 21:30:00
150,BKUS9SSVO6,24,hotel_room,no_show,15,1071,,,,2026-11-15,2026-11-22,,3,1085.77,EUR,2026-08-31 11:00:00
151,BKZZKKXJH5,158,hotel_room,confirmed,1,16,,,,2026-11-29,2026-12-01,,2,159.1,EUR,2026-08-13 16:30:00
152,BK2AS2J0ZB,34,hotel_room,completed,11,788,,,,2027-03-27,2027-03-30,,3,244.17,EUR,2027-02-15 20:00:00
153,BK2OF15GU1,14,hotel_room,completed,3,200,,,,2027-01-08,2027-01-11,,4,2127.78,EUR,2026-10-12 07:00:00
154,BKDYQXNGU3,150,hotel_room,confirmed,15,1100,,,,2026-11-05,2026-11-09,,4,1125.52,EUR,2026-09-26 21:30:00
155,BKTZN1VYH9,61,hotel_room,completed,24,1735,,,,2026-10-02,2026-10-05,,1,240.87,EUR,2026-07-12 19:45:00
156,BKDLP44F8Q,63,hotel_room,confirmed,11,789,,,,2027-02-19,2027-02-21,,1,91.4,EUR,2027-02-18 18:45:00
157,BKX15PNMJ4,55,activity,pending,,,,,13,2027-02-12,2027-02-12,,2,21.7,EUR,2027-01-19 12:00:00
158,BKKZ3YLQK2,122,restaurant_table,confirmed,,,5,36,,2027-01-23,2027-01-23,22:30,2,26.23,EUR,2027-01-05 17:15:00
159,BKIPLBGQAE,109,activity,confirmed,,,,,10,2027-04-27,2027-04-27,,2,17.34,EUR,2027-03-14 11:00:00
160,BKA4VUFVRV,33,restaurant_table,completed,,,8,75,,2027-01-11,2027-01-11,14:00,6,143.69,EUR,2026-11-08 09:15:00
161,BK9OHBAZSP,55,activity,confirmed,,,,,1,2027-04-23,2027-04-23,,4,152.32,EUR,2027-02-04 09:15:00
162,BK6CZZT4B2,1,restaurant_table,confirmed,,,6,53,,2027-02-08,2027-02-08,21:00,2,54.87,EUR,2027-01-12 09:45:00
163,BKISFC4TDI,127,hotel_room,confirmed,12,810,,,,2026-10-31,2026-11-04,,2,132.52,EUR,2026-09-20 12:30:00
164,BKIXA1KACP,181,hotel_room,confirmed,22,1646,,,,2027-03-14,2027-03-19,,1,890.1,EUR,2027-01-18 21:45:00
165,BK2RU5NG7N,151,hotel_room,completed,17,1229,,,,2026-12-01,2026-12-02,,2,29.22,EUR,2026-10-09 09:30:00
166,BKCUUASNJ0,199,restaurant_table,completed,,,19,242,,2027-03-11,2027-03-11,20:30,1,17.98,EUR,2027-02-06 23:45:00
167,BKIGK98EGV,158,activity,no_show,,,,,5,2026-10-26,2026-10-26,,4,39.8,EUR,2026-09-23 19:00:00
168,BKIM7T5TLK,88,hotel_room,confirmed,11,758,,,,2026-11-04,2026-11-09,,2,392.1,EUR,2026-09-07 20:15:00
169,BKDV8SEY7D,99,hotel_room,confirmed,15,1091,,,,2027-01-10,2027-01-13,,2,844.14,EUR,2026-11-13 23:45:00
170,BKM8PA2JMZ,31,restaurant_table,cancelled,,,24,303,,2027-02-26,2027-02-26,21:00,2,30.18,EUR,2026-12-08 15:45:00
171,BKU260RV57,103,hotel_room,pending,18,1244,,,,2026-09-22,2026-09-24,,2,318.6,EUR,2026-07-30 17:30:00
172,BK1RAADY72,87,hotel_room,no_show,25,1793,,,,2026-12-01,2026-12-04,,2,129.06,EUR,2026-11-08 15:45:00
173,BKGJLQTQE6,151,restaurant_table,confirmed,,,26,329,,2027-03-26,2027-03-26,20:00,5,132.02,EUR,2027-02-08 15:30:00
174,BKB6OU4CE2,6,restaurant_table,confirmed,,,30,378,,2026-09-02,2026-09-02,13:30,6,191.39,EUR,2026-06-26 20:45:00
175,BK60DLCVD8,157,activity,completed,,,,,7,2026-10-20,2026-10-20,,5,209.45,EUR,2026-09-15 11:15:00
176,BKE455IRVJ,143,restaurant_table,pending,,,8,70,,2027-02-03,2027-02-03,21:00,3,76.54,EUR,2026-12-30 07:45:00
177,BK5T6AU5OQ,174,hotel_room,pending,7,520,,,,2026-09-04,2026-09-06,,2,111.4,EUR,2026-08-08 18:45:00
178,BKQRJCOFW7,154,hotel_room,confirmed,11,781,,,,2027-04-01,2027-04-05,,1,182.8,EUR,2027-02-04 07:15:00
179,BKJCOG234S,137,activity,completed,,,,,3,2026-11-25,2026-11-25,,2,48.28,EUR,2026-09-26 13:30:00
180,BKMA67IU7Z,179,hotel_room,completed,12,846,,,,2027-02-16,2027-02-23,,4,614.39,EUR,2026-10-22 23:15:00
181,BKRK304S7N,26,restaurant_table,completed,,,9,89,,2027-01-25,2027-01-25,14:30,3,72.86,EUR,2027-01-21 18:45:00
182,BK86JSJYXV,145,restaurant_table,completed,,,15,169,,2027-02-27,2027-02-27,13:00,2,46.87,EUR,2026-10-31 09:45:00
183,BKJO4H26BJ,44,hotel_room,completed,20,1488,,,,2027-01-30,2027-02-02,,1,517.68,EUR,2026-12-30 11:45:00
184,BK9R32UQE2,108,hotel_room,confirmed,22,1669,,,,2027-03-28,2027-03-31,,1,534.06,EUR,2027-02-21 21:00:00
185,BKN36EWEU5,155,hotel_room,completed,11,756,,,,2027-01-30,2027-02-02,,1,235.26,EUR,2026-11-21 08:45:00
186,BK9620N7BJ,5,hotel_room,confirmed,19,1353,,,,2027-03-15,2027-03-22,,3,1518.16,EUR,2026-11-29 13:30:00
187,BKF98GJ87Y,168,restaurant_table,cancelled,,,13,146,,2026-10-09,2026-10-09,14:00,2,81.2,EUR,2026-07-15 07:30:00
188,BKYCHD3IO4,200,restaurant_table,cancelled,,,4,28,,2027-03-16,2027-03-16,13:30,5,269.61,EUR,2027-01-12 07:45:00
189,BKPUC05U36,158,hotel_room,cancelled,18,1255,,,,2026-10-30,2026-11-04,,2,699.75,EUR,2026-08-13 21:00:00
190,BKPGKNGUVV,162,hotel_room,confirmed,17,1233,,,,2026-10-19,2026-10-26,,2,257.74,EUR,2026-07-08 22:45:00
191,BK7RRQCTX6,138,hotel_room,cancelled,25,1765,,,,2026-12-01,2026-12-06,,1,129.25,EUR,2026-09-24 22:15:00
192,BKDMZ82HUZ,199,hotel_room,pending,3,193,,,,2026-09-14,2026-09-21,,3,4964.82,EUR,2026-08-25 14:30:00
193,BKJOTRW16S,68,restaurant_table,completed,,,3,23,,2026-09-10,2026-09-10,20:30,4,109.22,EUR,2026-06-22 21:00:00
194,BK1NIU4N56,170,hotel_room,confirmed,16,1154,,,,2026-10-30,2026-11-05,,4,1622.64,EUR,2026-09-21 07:00:00
195,BKOG6Z9NCI,145,hotel_room,cancelled,4,290,,,,2027-01-28,2027-02-01,,4,510.12,EUR,2027-01-07 11:45:00
196,BKYXE9WQ8P,150,restaurant_table,confirmed,,,11,129,,2026-12-04,2026-12-04,22:00,2,35.95,EUR,2026-11-11 16:00:00
197,BKYLHWW8SF,161,hotel_room,completed,13,854,,,,2026-11-16,2026-11-23,,1,394.66,EUR,2026-07-30 22:30:00
198,BK6GZ9ESGO,196,hotel_room,confirmed,24,1713,,,,2026-12-18,2026-12-20,,1,123.38,EUR,2026-11-27 12:00:00
199,BKBII8ZSPM,198,hotel_room,confirmed,9,672,,,,2026-09-15,2026-09-18,,3,785.82,EUR,2026-07-14 21:30:00
200,BKLH9M0Y23,32,activity,confirmed,,,,,13,2026-10-09,2026-10-09,,4,43.4,EUR,2026-06-11 07:45:00
201,BKCIIIOR8C,19,restaurant_table,confirmed,,,13,151,,2026-12-15,2026-12-15,14:30,3,133.25,EUR,2026-11-14 15:15:00
202,BK5WBG42EU,39,activity,confirmed,,,,,4,2027-03-05,2027-03-05,,3,92.07,EUR,2027-01-09 14:45:00
203,BKZX1TIYDH,141,restaurant_table,completed,,,9,94,,2026-10-01,2026-10-01,14:00,6,150.89,EUR,2026-09-22 21:30:00
204,BKWKL52YQF,77,hotel_room,completed,16,1133,,,,2026-12-07,2026-12-10,,2,486.42,EUR,2026-09-15 19:30:00
205,BKENRSQ9Z4,37,restaurant_table,no_show,,,1,1,,2027-04-26,2027-04-26,21:30,2,89.22,EUR,2027-01-20 17:30:00
206,BKYFX4SMJW,24,hotel_room,pending,18,1266,,,,2027-03-13,2027-03-14,,1,159.3,EUR,2026-11-14 18:30:00
207,BKASAUSP25,167,hotel_room,completed,23,1699,,,,2027-01-13,2027-01-15,,3,226.82,EUR,2026-12-16 09:15:00
208,BKFTNFUFEQ,59,hotel_room,pending,4,310,,,,2027-03-25,2027-03-29,,3,510.12,EUR,2026-12-22 22:15:00
209,BKGCZ7U1TI,85,hotel_room,pending,18,1289,,,,2026-10-14,2026-10-20,,1,955.8,EUR,2026-07-03 09:45:00
210,BKEXQLMAZC,14,restaurant_table,completed,,,27,334,,2026-12-14,2026-12-14,20:30,3,164.95,EUR,2026-09-20 13:15:00
211,BKUIKSGGSJ,7,hotel_room,no_show,2,95,,,,2027-01-07,2027-01-10,,2,156.39,EUR,2026-10-10 17:00:00
212,BKIIIRCCUO,151,hotel_room,confirmed,16,1121,,,,2026-11-21,2026-11-25,,4,1081.76,EUR,2026-10-20 13:15:00
213,BKHNQ8TNOG,50,hotel_room,cancelled,22,1586,,,,2026-09-13,2026-09-16,,2,1034.4,EUR,2026-08-31 08:00:00
214,BKVINTL6ZT,198,hotel_room,confirmed,6,434,,,,2026-09-30,2026-10-04,,2,378.12,EUR,2026-06-11 20:30:00
215,BKRLDWP134,161,restaurant_table,confirmed,,,20,251,,2026-12-19,2026-12-19,21:00,5,65.2,EUR,2026-10-24 20:15:00
216,BKOWZFVLYZ,95,activity,cancelled,,,,,14,2026-11-02,2026-11-02,,2,76.62,EUR,2026-09-16 12:45:00
217,BK00TGR4XO,64,restaurant_table,completed,,,19,229,,2026-11-08,2026-11-08,15:00,7,121.68,EUR,2026-09-21 14:00:00
218,BKVN90I9VP,40,hotel_room,confirmed,19,1404,,,,2026-12-23,2026-12-25,,2,153.12,EUR,2026-09-21 17:15:00
219,BKM9OURNS0,141,hotel_room,confirmed,23,1694,,,,2027-01-05,2027-01-09,,2,170.08,EUR,2026-12-15 21:45:00
220,BK8E0GWO6F,26,hotel_room,confirmed,24,1733,,,,2026-12-15,2026-12-18,,1,201.63,EUR,2026-11-07 22:15:00
221,BK4IYD4KAG,71,hotel_room,pending,17,1228,,,,2026-10-21,2026-10-27,,3,302.7,EUR,2026-10-18 22:15:00
222,BKHSZMT2ZL,83,restaurant_table,confirmed,,,14,163,,2027-01-20,2027-01-20,21:30,3,42.96,EUR,2026-12-24 10:15:00
223,BKMG3ITANZ,147,restaurant_table,confirmed,,,27,337,,2027-03-11,2027-03-11,20:30,2,109.15,EUR,2026-12-04 19:15:00
224,BKF02B09ON,85,hotel_room,cancelled,22,1574,,,,2027-02-18,2027-02-20,,2,689.6,EUR,2026-12-30 16:45:00
225,BKRCFMOORR,56,hotel_room,confirmed,4,249,,,,2026-10-14,2026-10-19,,2,444.25,EUR,2026-09-29 19:15:00
226,BKSC8QFDE1,127,hotel_room,confirmed,22,1617,,,,2027-04-02,2027-04-06,,2,1379.2,EUR,2027-01-04 15:00:00
227,BKDTKCJ790,107,restaurant_table,confirmed,,,2,5,,2026-11-04,2026-11-04,21:30,7,233.27,EUR,2026-08-05 09:00:00
228,BKPSJHMQ6V,78,activity,confirmed,,,,,7,2027-04-23,2027-04-23,,3,125.67,EUR,2027-04-18 09:00:00
229,BKGN8YDFU4,26,restaurant_table,confirmed,,,29,368,,2026-09-16,2026-09-16,13:30,3,48.52,EUR,2026-06-22 10:45:00
230,BKGTBIT3AK,134,activity,completed,,,,,15,2026-09-23,2026-09-23,,4,41.52,EUR,2026-09-08 13:15:00
231,BKN146X5YS,110,restaurant_table,confirmed,,,21,257,,2026-11-14,2026-11-14,13:30,8,136.85,EUR,2026-10-27 22:00:00
232,BKSKPJHWSD,20,hotel_room,confirmed,3,184,,,,2027-01-20,2027-01-25,,3,3546.3,EUR,2027-01-05 19:00:00
233,BKWVKUL5TE,1,restaurant_table,confirmed,,,3,17,,2026-10-26,2026-10-26,14:00,1,33.22,EUR,2026-10-17 20:30:00
234,BK1YS6ODBX,28,hotel_room,confirmed,12,825,,,,2027-01-03,2027-01-08,,1,438.85,EUR,2026-10-25 15:30:00
235,BKL2F3JYZI,195,restaurant_table,confirmed,,,21,265,,2026-12-20,2026-12-20,14:30,2,26.5,EUR,2026-10-16 16:15:00
236,BKAY60LQC6,114,restaurant_table,cancelled,,,13,150,,2026-09-07,2026-09-07,14:00,1,54.89,EUR,2026-08-02 10:15:00
237,BKI8JA40KM,129,restaurant_table,pending,,,4,24,,2026-09-01,2026-09-01,22:00,1,48.8,EUR,2026-07-28 10:45:00
238,BKA8R4UJ7M,92,restaurant_table,confirmed,,,4,26,,2027-04-11,2027-04-11,21:00,2,98.01,EUR,2027-01-29 11:30:00
239,BKC9R2HOXG,181,activity,confirmed,,,,,10,2027-01-31,2027-01-31,,3,26.01,EUR,2027-01-30 15:00:00
240,BKA1SHX59C,154,hotel_room,completed,8,584,,,,2027-03-18,2027-03-19,,3,210.59,EUR,2027-02-24 23:15:00
241,BKTEVI6GQS,121,restaurant_table,completed,,,17,200,,2026-09-08,2026-09-08,13:30,2,58.73,EUR,2026-06-08 17:15:00
242,BKYOW59BO3,143,restaurant_table,cancelled,,,26,329,,2026-11-13,2026-11-13,21:00,3,73.09,EUR,2026-08-18 14:00:00
243,BKPZAUV9UW,127,restaurant_table,cancelled,,,4,29,,2026-10-08,2026-10-08,13:30,5,271.1,EUR,2026-06-14 21:30:00
244,BKDTWJ781A,97,restaurant_table,completed,,,19,236,,2027-02-26,2027-02-26,21:00,1,15.46,EUR,2026-11-11 20:45:00
245,BKZUJ20FO0,170,hotel_room,confirmed,2,121,,,,2026-10-30,2026-11-01,,2,104.26,EUR,2026-07-07 08:00:00
246,BKM4ZKZSRT,118,restaurant_table,confirmed,,,10,110,,2027-04-19,2027-04-19,20:00,5,119.84,EUR,2027-04-16 23:30:00
247,BKNT6ACRF3,182,restaurant_table,confirmed,,,16,183,,2026-11-22,2026-11-22,21:00,2,59.93,EUR,2026-11-03 15:15:00
248,BKYL5YAKRK,95,hotel_room,confirmed,4,287,,,,2026-12-11,2026-12-18,,1,892.71,EUR,2026-10-13 16:00:00
249,BKU8I7YOCR,6,hotel_room,confirmed,8,567,,,,2027-03-23,2027-03-26,,2,886.83,EUR,2027-02-27 14:00:00
250,BKKG5SKIIB,78,activity,confirmed,,,,,3,2027-02-02,2027-02-02,,3,72.42,EUR,2027-01-09 09:45:00
251,BKN4AZOIWC,56,hotel_room,confirmed,15,1096,,,,2026-10-01,2026-10-05,,3,1125.52,EUR,2026-06-07 19:45:00
252,BKLJC0GDGP,165,hotel_room,completed,8,615,,,,2026-10-11,2026-10-13,,1,322.4,EUR,2026-06-27 18:00:00
253,BKGYJLVYR5,17,hotel_room,confirmed,12,846,,,,2026-09-22,2026-09-25,,2,263.31,EUR,2026-07-09 17:45:00
254,BKASWNIOFY,167,restaurant_table,confirmed,,,12,139,,2027-02-01,2027-02-01,14:00,9,274.89,EUR,2026-11-13 11:15:00
255,BKAHSWMGF2,128,restaurant_table,completed,,,15,180,,2027-03-20,2027-03-20,20:00,5,128.22,EUR,2026-12-02 14:45:00
256,BKIBK9FU49,15,hotel_room,cancelled,14,1008,,,,2026-11-27,2026-12-01,,1,2314.6,EUR,2026-09-05 20:00:00
257,BKY41NVPIJ,51,hotel_room,cancelled,3,233,,,,2026-09-18,2026-09-22,,1,1376.44,EUR,2026-06-22 21:00:00
258,BK6X0O5FFS,39,restaurant_table,confirmed,,,4,28,,2026-12-01,2026-12-01,20:30,4,159.1,EUR,2026-08-18 23:30:00
259,BKENJQ1W6Y,98,restaurant_table,completed,,,7,56,,2026-09-11,2026-09-11,13:00,3,134.59,EUR,2026-06-30 11:15:00
260,BK0VEVN7IC,25,restaurant_table,pending,,,5,45,,2027-03-13,2027-03-13,22:00,1,16.28,EUR,2026-12-18 13:45:00
261,BKOXEJ5LRU,89,hotel_room,confirmed,9,672,,,,2027-03-25,2027-03-31,,5,1571.64,EUR,2027-03-01 20:45:00
262,BK726S1KKR,148,hotel_room,confirmed,8,602,,,,2026-12-10,2026-12-15,,2,1052.95,EUR,2026-10-10 20:30:00
263,BK0UY8VHJD,108,hotel_room,confirmed,12,814,,,,2026-09-06,2026-09-08,,2,66.26,EUR,2026-09-05 20:15:00
264,BKQRIEIHT1,169,restaurant_table,confirmed,,,25,324,,2027-04-13,2027-04-13,14:30,1,24.99,EUR,2027-04-10 21:15:00
265,BKW53IXH7S,179,hotel_room,confirmed,1,24,,,,2026-10-08,2026-10-11,,2,238.65,EUR,2026-06-20 07:30:00
266,BKM2JDRUEZ,125,restaurant_table,confirmed,,,15,166,,2026-10-23,2026-10-23,14:00,2,51.35,EUR,2026-07-07 11:15:00
267,BKMAHEIJBD,185,hotel_room,cancelled,24,1734,,,,2026-09-04,2026-09-06,,5,160.58,EUR,2026-05-18 23:45:00
268,BK2YB6K8Z5,186,restaurant_table,confirmed,,,10,109,,2027-04-24,2027-04-24,14:00,2,66.41,EUR,2027-03-28 13:45:00
269,BKB9X0RDHM,38,restaurant_table,completed,,,3,23,,2026-10-23,2026-10-23,14:30,4,100.94,EUR,2026-06-30 20:15:00
270,BKGVSZH4W7,184,hotel_room,completed,12,812,,,,2026-12-05,2026-12-12,,1,614.39,EUR,2026-08-15 07:00:00
271,BKQEDSDRPE,90,restaurant_table,confirmed,,,23,280,,2027-01-17,2027-01-17,21:30,5,66.5,EUR,2026-11-12 08:30:00
272,BK4T3UW6DM,11,hotel_room,cancelled,17,1208,,,,2026-11-24,2026-11-28,,1,201.8,EUR,2026-10-19 23:15:00
273,BK29QCFCJ3,169,restaurant_table,confirmed,,,1,1,,2027-04-25,2027-04-25,14:30,2,112.57,EUR,2027-02-26 10:45:00
274,BK171HF4Y2,92,hotel_room,confirmed,20,1485,,,,2026-10-23,2026-10-25,,2,370.1,EUR,2026-10-09 18:45:00
275,BKBV8NXMQW,165,restaurant_table,pending,,,23,295,,2026-10-22,2026-10-22,20:30,1,12.96,EUR,2026-07-02 08:30:00
276,BKSKYZJG34,86,restaurant_table,completed,,,19,238,,2026-12-18,2026-12-18,14:00,4,53.93,EUR,2026-11-16 23:15:00
277,BKAMAJ6VNK,119,restaurant_table,confirmed,,,3,22,,2026-11-24,2026-11-24,20:00,4,101.59,EUR,2026-09-14 22:15:00
278,BKUI7XT1GP,2,hotel_room,cancelled,25,1769,,,,2027-02-13,2027-02-17,,2,324.88,EUR,2026-11-01 08:15:00
279,BKO9K4443H,31,restaurant_table,confirmed,,,15,179,,2026-10-19,2026-10-19,22:00,4,130.99,EUR,2026-07-18 07:45:00
280,BKMADA2FJE,13,activity,completed,,,,,9,2026-11-14,2026-11-14,,3,76.08,EUR,2026-08-22 23:45:00
281,BK424G1H4G,97,restaurant_table,confirmed,,,23,287,,2026-10-07,2026-10-07,13:30,3,48.15,EUR,2026-06-15 08:30:00
282,BKMSRBBXJK,73,hotel_room,pending,20,1473,,,,2027-03-17,2027-03-19,,2,345.12,EUR,2026-12-28 19:15:00
283,BKMLIFEQPA,118,activity,cancelled,,,,,11,2026-12-07,2026-12-07,,4,33.16,EUR,2026-10-21 13:45:00
284,BKVCGCEZJ0,3,hotel_room,completed,23,1688,,,,2026-09-13,2026-09-15,,1,147.38,EUR,2026-06-29 10:00:00
285,BKV39NOUS6,129,hotel_room,cancelled,2,89,,,,2026-12-12,2026-12-15,,2,541.92,EUR,2026-09-17 15:45:00
286,BKP60YSPJB,54,restaurant_table,confirmed,,,12,141,,2027-04-17,2027-04-17,13:30,2,53.83,EUR,2027-01-02 15:45:00
287,BKZ8VQK5IS,1,hotel_room,confirmed,16,1134,,,,2027-03-29,2027-04-03,,4,1352.2,EUR,2027-01-21 11:30:00
288,BKFB9VRNJ5,30,hotel_room,completed,2,90,,,,2026-09-13,2026-09-18,,1,455.7,EUR,2026-06-03 07:30:00
289,BKU0NYMAFD,15,hotel_room,completed,21,1535,,,,2027-03-06,2027-03-09,,1,182.1,EUR,2026-12-06 13:15:00
290,BKL7OVREV8,154,restaurant_table,pending,,,19,228,,2027-01-13,2027-01-13,21:30,2,29.32,EUR,2027-01-12 16:00:00
291,BK01FP0ZK8,165,restaurant_table,completed,,,20,254,,2026-09-13,2026-09-13,20:30,3,40.14,EUR,2026-06-14 14:45:00
292,BKQ3AWOEFC,90,hotel_room,no_show,3,171,,,,2026-12-19,2026-12-25,,1,2064.66,EUR,2026-09-12 16:45:00
293,BK6SIG9HTI,171,restaurant_table,confirmed,,,7,66,,2027-03-19,2027-03-19,21:00,1,38.56,EUR,2027-01-14 13:45:00
294,BKG654ZI78,56,hotel_room,confirmed,8,600,,,,2026-12-01,2026-12-07,,4,1263.54,EUR,2026-09-29 20:45:00
295,BKK3ZLKL11,112,hotel_room,cancelled,8,595,,,,2027-01-18,2027-01-21,,3,631.77,EUR,2027-01-14 09:45:00
296,BKKL98A3SP,82,hotel_room,cancelled,23,1702,,,,2026-10-20,2026-10-26,,1,147.9,EUR,2026-10-09 19:30:00
297,BKYSB9M9X8,7,restaurant_table,confirmed,,,4,25,,2026-11-22,2026-11-22,14:00,3,142.65,EUR,2026-09-27 17:45:00
298,BKIWZWF882,21,hotel_room,confirmed,3,244,,,,2027-03-17,2027-03-22,,3,1720.55,EUR,2027-01-05 13:00:00
299,BKLQRL7295,90,restaurant_table,cancelled,,,27,342,,2027-01-13,2027-01-13,14:30,4,157.91,EUR,2026-10-05 08:00:00
300,BKE6ZC5RKB,103,restaurant_table,completed,,,2,7,,2027-02-12,2027-02-12,13:00,3,71.35,EUR,2027-01-23 17:00:00
301,BK9BYKCA5M,6,restaurant_table,completed,,,20,249,,2026-10-09,2026-10-09,22:30,3,38.92,EUR,2026-08-17 13:00:00
302,BK2XP4SBU5,177,activity,cancelled,,,,,13,2026-11-06,2026-11-06,,3,32.55,EUR,2026-09-12 11:30:00
303,BKDY85NXTQ,96,hotel_room,cancelled,21,1540,,,,2027-01-31,2027-02-01,,2,161.87,EUR,2026-10-06 22:30:00
304,BK6MR6MS9O,170,hotel_room,confirmed,11,790,,,,2026-09-17,2026-09-25,,1,365.6,EUR,2026-07-24 20:30:00
305,BK1ZT7UPJB,170,activity,confirmed,,,,,6,2027-02-15,2027-02-15,,2,92.56,EUR,2026-12-23 22:15:00
306,BKTP1V8CWB,196,restaurant_table,confirmed,,,16,186,,2027-01-13,2027-01-13,15:00,1,32.3,EUR,2026-10-02 13:30:00
307,BK3KAD3MRL,195,restaurant_table,pending,,,10,106,,2027-03-24,2027-03-24,13:00,6,201.23,EUR,2027-03-01 15:45:00
308,BKP9BE0IV9,90,restaurant_table,confirmed,,,7,65,,2026-09-12,2026-09-12,21:00,1,57.06,EUR,2026-06-22 18:00:00
309,BKVOEI3QOO,193,hotel_room,completed,2,88,,,,2026-11-16,2026-11-18,,3,182.28,EUR,2026-11-03 16:15:00
310,BKKZWL3QJ9,112,hotel_room,cancelled,25,1766,,,,2027-03-05,2027-03-09,,2,324.88,EUR,2026-12-21 07:30:00
311,BKSVFQ1CFO,83,restaurant_table,confirmed,,,13,147,,2027-03-26,2027-03-26,20:30,3,136.14,EUR,2027-03-01 18:30:00
312,BK0I4L8G03,52,hotel_room,cancelled,16,1155,,,,2026-11-28,2026-12-01,,2,486.42,EUR,2026-08-31 21:00:00
313,BK1QGL1B6Q,135,hotel_room,completed,9,654,,,,2027-04-05,2027-04-11,,1,909.72,EUR,2027-02-16 20:15:00
314,BKPBPVE15D,80,hotel_room,confirmed,21,1551,,,,2026-12-10,2026-12-15,,3,729.6,EUR,2026-11-10 09:45:00
315,BKOGLNRO79,136,hotel_room,completed,23,1691,,,,2027-01-17,2027-01-19,,1,49.3,EUR,2026-12-31 20:45:00
316,BKJXPZTXCJ,142,activity,cancelled,,,,,5,2027-01-07,2027-01-07,,5,49.75,EUR,2026-10-15 11:00:00
317,BKHVSBSQMF,134,hotel_room,confirmed,24,1721,,,,2026-12-30,2027-01-03,,2,246.76,EUR,2026-10-31 12:00:00
318,BKFCK44HGU,5,activity,confirmed,,,,,4,2027-02-13,2027-02-13,,3,92.07,EUR,2026-12-19 18:15:00
319,BK2NK6H1JF,191,hotel_room,confirmed,22,1638,,,,2026-12-29,2027-01-03,,1,890.1,EUR,2026-09-19 17:00:00
320,BK2N314HBW,36,hotel_room,confirmed,17,1218,,,,2026-10-29,2026-11-03,,2,146.1,EUR,2026-07-05 09:30:00
321,BKMDQRUDAL,2,restaurant_table,confirmed,,,22,276,,2027-01-03,2027-01-03,13:00,4,199.29,EUR,2026-10-01 09:30:00
322,BKTWDKU6Z2,195,hotel_room,confirmed,21,1547,,,,2027-03-10,2027-03-12,,1,121.4,EUR,2026-12-28 08:15:00
323,BKP186GCEP,141,hotel_room,cancelled,8,623,,,,2027-02-02,2027-02-05,,2,467.61,EUR,2026-12-25 09:15:00
324,BKJAGP89KX,61,restaurant_table,confirmed,,,15,168,,2026-09-19,2026-09-19,13:00,1,25.14,EUR,2026-09-06 16:15:00
325,BK0O0AP8F4,63,hotel_room,pending,25,1780,,,,2027-03-09,2027-03-11,,1,86.04,EUR,2026-12-02 19:00:00
326,BKWIFQGD4A,117,restaurant_table,confirmed,,,20,244,,2026-12-29,2026-12-29,21:00,3,44.75,EUR,2026-12-23 08:00:00
327,BKLN3A7XFH,200,hotel_room,pending,8,574,,,,2027-01-22,2027-01-24,,2,322.4,EUR,2026-10-30 17:00:00
328,BKVYHL315F,61,restaurant_table,confirmed,,,3,21,,2026-11-07,2026-11-07,21:00,2,52.94,EUR,2026-10-19 19:30:00
329,BKWZGIZY28,57,hotel_room,confirmed,24,1713,,,,2027-02-24,2027-02-28,,3,246.76,EUR,2027-02-05 20:15:00
330,BKSCKINSYE,78,activity,confirmed,,,,,6,2026-12-03,2026-12-03,,3,138.84,EUR,2026-08-16 23:45:00
331,BKTLGXLS6O,29,hotel_room,pending,13,899,,,,2027-03-06,2027-03-10,,3,531.04,EUR,2027-01-06 20:00:00
332,BKUY8Y64BN,97,restaurant_table,confirmed,,,18,222,,2026-10-24,2026-10-24,21:30,4,108.22,EUR,2026-07-08 15:45:00
333,BKWLJHK4DY,85,restaurant_table,cancelled,,,25,320,,2026-09-01,2026-09-01,13:00,1,29.16,EUR,2026-07-11 14:00:00
334,BKI6KR4H7M,6,restaurant_table,confirmed,,,9,89,,2026-09-12,2026-09-12,21:30,3,90.24,EUR,2026-09-01 21:15:00
335,BK4S2DUKIG,126,hotel_room,confirmed,4,302,,,,2026-12-12,2026-12-14,,1,177.7,EUR,2026-09-16 21:30:00
336,BK1E5NU0PG,105,hotel_room,pending,9,664,,,,2026-12-16,2026-12-21,,2,758.1,EUR,2026-09-27 10:00:00
337,BK0N596EFN,135,hotel_room,completed,4,266,,,,2027-03-29,2027-03-31,,1,177.7,EUR,2027-03-15 20:30:00
338,BK7KDHNA5E,110,activity,cancelled,,,,,12,2027-01-30,2027-01-30,,4,44.8,EUR,2026-10-08 08:45:00
339,BKHPE47VRC,194,activity,pending,,,,,6,2026-10-19,2026-10-19,,3,138.84,EUR,2026-09-20 13:45:00
340,BK7V6OV0P9,195,restaurant_table,confirmed,,,10,110,,2027-04-02,2027-04-02,13:00,2,55.47,EUR,2027-02-15 16:30:00
341,BK2RELU9EQ,127,restaurant_table,completed,,,5,45,,2027-04-06,2027-04-06,14:00,3,38.77,EUR,2026-12-27 17:00:00
342,BKCH8ZOQWQ,26,activity,cancelled,,,,,15,2026-10-16,2026-10-16,,3,31.14,EUR,2026-09-22 13:45:00
343,BKA4Z7VC1T,93,restaurant_table,confirmed,,,24,314,,2026-11-04,2026-11-04,14:00,4,50.25,EUR,2026-07-27 08:15:00
344,BK34MVF0Z6,17,activity,completed,,,,,10,2027-01-16,2027-01-16,,3,26.01,EUR,2027-01-11 12:00:00
345,BKALTIKKRG,177,hotel_room,confirmed,7,501,,,,2026-12-19,2026-12-24,,3,252.1,EUR,2026-09-25 14:30:00
346,BKP1UTAG8G,167,restaurant_table,pending,,,29,373,,2027-04-03,2027-04-03,21:00,2,33.73,EUR,2027-01-06 14:15:00
347,BKRPXAT20W,180,restaurant_table,cancelled,,,10,105,,2026-10-14,2026-10-14,14:00,2,50.86,EUR,2026-07-20 07:15:00
348,BKASGT5WM8,159,activity,cancelled,,,,,2,2026-10-01,2026-10-01,,2,16.5,EUR,2026-08-18 20:30:00
349,BKD6LYEEBM,82,restaurant_table,cancelled,,,29,368,,2026-12-29,2026-12-29,13:00,2,27.73,EUR,2026-11-20 17:00:00
350,BK11LKWOO8,99,hotel_room,confirmed,20,1452,,,,2026-10-15,2026-10-19,,1,740.2,EUR,2026-08-14 19:45:00
351,BKOTIRJSAY,109,hotel_room,confirmed,9,635,,,,2027-04-02,2027-04-07,,1,758.1,EUR,2026-12-26 13:00:00
352,BK4XG7Y1QC,130,restaurant_table,confirmed,,,17,199,,2026-11-09,2026-11-09,14:30,2,56.39,EUR,2026-10-09 15:15:00
353,BKVB2RNVBW,42,hotel_room,confirmed,12,825,,,,2026-10-15,2026-10-20,,3,438.85,EUR,2026-07-27 11:30:00
354,BKP11SUNUG,121,activity,confirmed,,,,,14,2027-01-22,2027-01-22,,4,153.24,EUR,2026-10-01 22:00:00
355,BKNRSZY711,116,hotel_room,confirmed,2,105,,,,2027-01-12,2027-01-16,,3,722.56,EUR,2026-11-02 23:45:00
356,BKFQ2FFBN7,67,restaurant_table,completed,,,20,253,,2026-11-06,2026-11-06,14:30,2,32.4,EUR,2026-11-03 20:00:00
357,BK861BGY5S,67,restaurant_table,confirmed,,,23,293,,2026-09-27,2026-09-27,14:00,2,29.19,EUR,2026-07-05 17:00:00
358,BKBRUBV00O,125,restaurant_table,completed,,,24,302,,2026-10-23,2026-10-23,14:00,2,26.49,EUR,2026-08-05 20:30:00
359,BK2HTCIVDP,138,hotel_room,confirmed,2,89,,,,2026-11-07,2026-11-12,,1,903.2,EUR,2026-09-07 12:30:00
360,BK7SP09DYM,83,hotel_room,completed,23,1701,,,,2026-12-06,2026-12-08,,2,85.04,EUR,2026-09-16 20:15:00
361,BK9YVFNAS6,95,restaurant_table,pending,,,8,70,,2027-03-04,2027-03-04,21:30,3,67.93,EUR,2026-11-26 11:45:00
362,BKM1NQTSNQ,104,hotel_room,confirmed,23,1701,,,,2027-03-14,2027-03-18,,3,170.08,EUR,2027-01-19 11:00:00
363,BK20F4D2OH,115,restaurant_table,completed,,,20,250,,2027-03-11,2027-03-11,21:00,4,49.73,EUR,2027-02-13 14:30:00
364,BK28UC6955,68,hotel_room,completed,12,836,,,,2026-12-28,2027-01-01,,3,132.52,EUR,2026-11-08 14:45:00
365,BKM23QBP4Y,120,restaurant_table,confirmed,,,25,322,,2027-02-04,2027-02-04,14:00,1,25.59,EUR,2026-12-23 11:30:00
366,BK3WFT2WMT,23,hotel_room,pending,16,1153,,,,2026-09-07,2026-09-11,,2,730.92,EUR,2026-05-19 22:45:00
367,BKC0XZW6JP,191,hotel_room,pending,25,1775,,,,2026-10-24,2026-10-27,,1,129.06,EUR,2026-10-19 08:30:00
368,BKMI01CACQ,120,hotel_room,confirmed,9,651,,,,2027-03-24,2027-03-27,,3,785.82,EUR,2027-02-20 17:15:00
369,BKEF6ZUFF9,27,hotel_room,completed,19,1409,,,,2026-09-21,2026-09-30,,2,1019.07,EUR,2026-07-08 18:45:00
370,BK21F6065A,72,restaurant_table,pending,,,11,128,,2026-10-26,2026-10-26,21:00,4,57.64,EUR,2026-07-24 16:45:00
371,BKB7ERKOOA,187,restaurant_table,confirmed,,,24,315,,2026-12-15,2026-12-15,14:30,1,14.24,EUR,2026-10-24 17:30:00
372,BKP81LJEQD,91,hotel_room,completed,23,1681,,,,2027-01-06,2027-01-09,,2,127.56,EUR,2026-11-26 15:45:00
373,BK36VKQ3TT,33,hotel_room,confirmed,3,222,,,,2027-01-03,2027-01-06,,2,874.56,EUR,2026-10-24 09:30:00
374,BK64OWF800,80,hotel_room,pending,11,782,,,,2026-11-07,2026-11-10,,1,137.1,EUR,2026-07-10 12:15:00
375,BK6MAJW6XM,69,activity,pending,,,,,14,2027-01-06,2027-01-06,,2,76.62,EUR,2026-12-10 18:00:00
376,BKN78XKH59,155,activity,confirmed,,,,,7,2027-03-17,2027-03-17,,3,125.67,EUR,2026-12-02 09:30:00
377,BKX7HY3WLN,138,hotel_room,no_show,20,1521,,,,2027-02-21,2027-02-24,,1,517.68,EUR,2026-12-12 19:30:00
378,BK8EQYMQIL,80,hotel_room,cancelled,4,273,,,,2027-01-25,2027-01-27,,1,255.06,EUR,2027-01-19 08:15:00
379,BKDGLE6UJ4,50,activity,confirmed,,,,,2,2027-02-24,2027-02-24,,5,41.25,EUR,2027-01-07 21:15:00
380,BKEUOCMDTS,3,hotel_room,cancelled,3,191,,,,2026-11-03,2026-11-06,,1,2127.78,EUR,2026-09-17 13:00:00
381,BK9TUU301P,192,hotel_room,confirmed,18,1248,,,,2027-02-19,2027-02-21,,1,318.6,EUR,2026-10-28 20:30:00
382,BKJD0TFGB0,27,restaurant_table,confirmed,,,11,121,,2026-10-01,2026-10-01,21:00,1,15.55,EUR,2026-07-14 15:30:00
383,BKD7IKQIHZ,138,activity,no_show,,,,,12,2026-12-07,2026-12-07,,2,22.4,EUR,2026-10-19 09:00:00
384,BKJB7MR5FA,3,hotel_room,cancelled,17,1195,,,,2027-03-27,2027-03-30,,2,151.35,EUR,2027-03-05 19:45:00
385,BKMKJBC3R9,87,hotel_room,completed,8,557,,,,2027-02-17,2027-02-21,,2,1182.44,EUR,2026-12-08 21:00:00
386,BKCV6BJ7ZB,98,restaurant_table,confirmed,,,24,301,,2026-11-05,2026-11-05,21:00,3,38.61,EUR,2026-09-28 17:15:00
387,BKQ2ZVCBQF,163,hotel_room,completed,18,1240,,,,2026-10-15,2026-10-16,,2,194.54,EUR,2026-06-28 16:45:00
388,BKO6957662,187,restaurant_table,cancelled,,,24,315,,2027-01-08,2027-01-08,14:00,2,28.67,EUR,2026-11-23 20:15:00
389,BKNYD0IIBF,26,activity,cancelled,,,,,6,2026-12-18,2026-12-18,,3,138.84,EUR,2026-08-23 14:00:00
390,BKN6BNVHQ7,151,restaurant_table,cancelled,,,28,357,,2027-01-21,2027-01-21,14:30,7,202.99,EUR,2026-11-24 09:00:00
391,BKOT2I9PWF,189,restaurant_table,confirmed,,,25,322,,2027-03-06,2027-03-06,14:00,1,30.37,EUR,2027-01-06 08:30:00
392,BKA9Q67Z70,85,hotel_room,confirmed,7,481,,,,2027-03-29,2027-04-02,,3,222.8,EUR,2027-01-03 19:45:00
393,BK8AH7NJPX,54,hotel_room,completed,22,1583,,,,2027-03-18,2027-03-20,,1,356.04,EUR,2027-02-25 23:15:00
394,BK056BZRU9,57,hotel_room,confirmed,17,1219,,,,2026-11-27,2026-11-29,,2,73.64,EUR,2026-08-12 20:45:00
395,BK4UWVK65R,138,hotel_room,pending,9,676,,,,2027-01-26,2027-01-29,,2,573.15,EUR,2026-12-11 13:00:00
396,BK2UHH51QV,58,restaurant_table,no_show,,,9,89,,2027-02-23,2027-02-23,13:00,4,118.1,EUR,2027-01-04 12:45:00
397,BKPADNW6LD,29,hotel_room,pending,14,999,,,,2026-12-01,2026-12-04,,2,1735.95,EUR,2026-10-10 21:45:00
398,BKRJI7R8NT,198,hotel_room,confirmed,7,478,,,,2026-09-22,2026-09-24,,3,230.18,EUR,2026-07-02 11:15:00
399,BK6CRANMT9,2,restaurant_table,confirmed,,,6,54,,2026-12-07,2026-12-07,14:30,3,92.95,EUR,2026-09-09 08:00:00
400,BKWUQR0BWP,150,hotel_room,confirmed,11,799,,,,2026-12-05,2026-12-09,,1,182.8,EUR,2026-08-31 22:00:00
401,BK5IDVNZTE,28,hotel_room,confirmed,13,856,,,,2027-02-05,2027-02-11,,1,338.28,EUR,2027-01-01 19:15:00
402,BKKFWUN9PB,173,restaurant_table,confirmed,,,5,46,,2027-03-30,2027-03-30,22:00,1,17.55,EUR,2027-01-24 18:00:00
403,BK0QNXZ46R,74,hotel_room,pending,11,799,,,,2026-11-21,2026-11-26,,1,228.5,EUR,2026-10-31 19:15:00
404,BK34XXEJRT,25,restaurant_table,pending,,,1,2,,2027-01-22,2027-01-22,20:30,4,217.35,EUR,2026-10-13 10:00:00
405,BK7V4R221W,98,restaurant_table,completed,,,20,246,,2026-11-26,2026-11-26,13:30,2,25.2,EUR,2026-09-07 12:15:00
406,BK1845GV0L,37,restaurant_table,completed,,,19,228,,2027-01-02,2027-01-02,13:00,2,27.16,EUR,2026-12-06 16:15:00
407,BKWNX33HDD,29,restaurant_table,completed,,,27,351,,2026-11-08,2026-11-08,21:00,2,92.35,EUR,2026-10-08 16:00:00
408,BKEQ84ILWX,120,hotel_room,confirmed,11,785,,,,2026-11-04,2026-11-06,,2,162.78,EUR,2026-09-28 15:15:00
409,BKGZ8VX3NU,39,activity,confirmed,,,,,6,2026-12-12,2026-12-12,,2,92.56,EUR,2026-09-09 22:30:00
410,BKT5X6G0ZC,40,hotel_room,pending,5,382,,,,2026-12-03,2026-12-07,,2,639.64,EUR,2026-08-25 18:45:00
411,BKATB3GQZ2,163,restaurant_table,completed,,,30,378,,2027-02-08,2027-02-08,20:30,4,100.28,EUR,2026-11-16 16:45:00
412,BKUVC7N5SX,183,restaurant_table,confirmed,,,9,99,,2027-01-05,2027-01-05,20:30,2,63.18,EUR,2026-11-28 10:30:00
413,BKG2CY3RC5,140,restaurant_table,confirmed,,,2,5,,2026-12-28,2026-12-28,13:00,5,113.08,EUR,2026-10-10 07:00:00
414,BKXP912ZPW,51,hotel_room,pending,20,1440,,,,2027-01-14,2027-01-16,,2,370.1,EUR,2026-09-20 11:00:00
415,BKI88NRFNO,89,restaurant_table,pending,,,16,184,,2026-12-04,2026-12-04,21:30,3,87.17,EUR,2026-11-26 21:15:00
416,BKO1ZOU402,197,restaurant_table,completed,,,25,320,,2027-02-04,2027-02-04,13:00,1,27.64,EUR,2027-01-13 22:30:00
417,BK3OX1X9JY,7,restaurant_table,cancelled,,,3,23,,2026-11-08,2026-11-08,20:00,3,67.95,EUR,2026-07-21 07:00:00
418,BK67Y1GFII,51,restaurant_table,cancelled,,,28,359,,2026-10-17,2026-10-17,22:00,1,32.99,EUR,2026-07-06 09:15:00
419,BKTZU2QRYX,180,restaurant_table,confirmed,,,6,48,,2026-11-07,2026-11-07,20:30,3,70.84,EUR,2026-08-16 11:30:00
420,BKNY2M6BVJ,15,hotel_room,pending,12,850,,,,2027-03-29,2027-03-31,,3,175.54,EUR,2027-03-16 17:00:00
421,BKFQYIKBEQ,170,hotel_room,confirmed,21,1557,,,,2026-12-23,2026-12-28,,3,809.35,EUR,2026-12-10 15:45:00
422,BK8NYAMA64,200,restaurant_table,pending,,,7,59,,2026-11-22,2026-11-22,14:00,4,158.18,EUR,2026-10-29 21:15:00
423,BK8P3YJXA4,108,hotel_room,cancelled,10,722,,,,2027-01-25,2027-01-29,,1,1054.72,EUR,2026-11-24 20:00:00
424,BK9DTG6YOC,58,restaurant_table,confirmed,,,23,281,,2027-02-10,2027-02-10,14:30,3,53.25,EUR,2027-02-04 16:45:00
425,BK3TGFZCUO,156,activity,confirmed,,,,,11,2026-10-12,2026-10-12,,2,16.58,EUR,2026-08-21 15:45:00
426,BKOTIVH2DH,142,restaurant_table,confirmed,,,13,149,,2027-03-23,2027-03-23,21:00,8,312.3,EUR,2026-12-22 22:00:00
427,BKLHVPEPZI,200,hotel_room,confirmed,12,842,,,,2027-01-18,2027-01-20,,1,80.22,EUR,2027-01-16 21:30:00
428,BK1B963XR6,3,activity,completed,,,,,3,2026-12-12,2026-12-12,,2,48.28,EUR,2026-11-24 12:00:00
429,BK0X2PUF4T,87,hotel_room,completed,20,1447,,,,2027-01-18,2027-01-23,,1,862.8,EUR,2026-12-24 09:00:00
430,BKBKFTDFJ8,63,activity,confirmed,,,,,7,2027-01-25,2027-01-25,,7,293.23,EUR,2026-10-28 18:00:00
431,BK3G55F5BM,9,hotel_room,confirmed,19,1357,,,,2027-01-28,2027-02-04,,3,1518.16,EUR,2026-09-30 14:30:00
432,BK8O9UNP2Y,144,hotel_room,pending,17,1215,,,,2026-11-17,2026-11-24,,2,353.15,EUR,2026-11-05 19:30:00
433,BKROTU3OF4,195,hotel_room,confirmed,25,1780,,,,2026-12-27,2026-12-31,,2,172.08,EUR,2026-12-19 07:45:00
434,BKVHAT8R8C,151,hotel_room,completed,8,568,,,,2026-12-17,2026-12-21,,3,842.36,EUR,2026-11-04 22:30:00
435,BKSK4D3XT4,106,hotel_room,no_show,15,1054,,,,2027-04-04,2027-04-09,,1,604.25,EUR,2027-02-13 07:30:00
436,BKV3J63JKY,175,restaurant_table,confirmed,,,4,24,,2026-09-14,2026-09-14,15:00,1,44.29,EUR,2026-08-07 18:45:00
437,BK7W0A1YL0,18,restaurant_table,pending,,,10,109,,2026-11-26,2026-11-26,14:00,2,49.35,EUR,2026-09-22 15:45:00
438,BK32X3CN0J,97,hotel_room,cancelled,5,366,,,,2027-03-20,2027-03-23,,3,354.57,EUR,2026-11-29 21:45:00
439,BKHI90LLC0,139,hotel_room,pending,15,1102,,,,2027-03-14,2027-03-18,,5,1125.52,EUR,2027-01-16 14:30:00
440,BKMPDJNOQR,98,activity,confirmed,,,,,11,2027-04-23,2027-04-23,,5,41.45,EUR,2027-03-28 12:15:00
441,BKIMV28ZUI,154,hotel_room,cancelled,13,941,,,,2026-12-06,2026-12-12,,2,598.38,EUR,2026-12-05 19:30:00
442,BKS84VPGH7,3,hotel_room,completed,5,378,,,,2027-04-02,2027-04-04,,2,236.38,EUR,2027-02-27 15:30:00
443,BKTIXVB491,141,hotel_room,pending,12,829,,,,2026-11-19,2026-11-24,,1,165.65,EUR,2026-10-18 21:45:00
444,BK4CFU9Z0N,152,restaurant_table,confirmed,,,15,174,,2026-12-11,2026-12-11,13:00,6,174.05,EUR,2026-11-25 14:00:00
445,BK0LH4ZTTH,110,restaurant_table,confirmed,,,22,274,,2027-01-17,2027-01-17,21:00,1,51.83,EUR,2026-12-27 16:30:00
446,BKTVFJBJKA,22,hotel_room,cancelled,7,497,,,,2026-12-30,2027-01-01,,2,111.4,EUR,2026-12-07 23:45:00
447,BKRZ0I3UBG,92,restaurant_table,confirmed,,,16,186,,2026-11-16,2026-11-16,14:00,1,28.33,EUR,2026-08-23 09:00:00
448,BK48VS8MMA,147,hotel_room,completed,22,1651,,,,2027-01-25,2027-01-30,,3,1724.0,EUR,2026-12-26 19:00:00
449,BKDFQV2JOI,103,activity,confirmed,,,,,9,2027-01-05,2027-01-05,,3,76.08,EUR,2026-11-15 07:45:00
450,BKGXCG154I,8,hotel_room,cancelled,9,677,,,,2027-02-17,2027-02-21,,3,764.2,EUR,2026-11-29 21:00:00
451,BKUHE1N2FS,154,restaurant_table,confirmed,,,12,135,,2027-01-25,2027-01-25,13:30,1,28.06,EUR,2027-01-11 17:30:00
452,BK93P0KYIW,154,hotel_room,completed,1,60,,,,2026-11-17,2026-11-24,,1,556.85,EUR,2026-07-22 12:30:00
453,BK4KQTMTMV,78,hotel_room,completed,18,1267,,,,2027-02-15,2027-02-18,,1,327.24,EUR,2027-01-15 20:45:00
454,BKZTO7CKDO,70,restaurant_table,confirmed,,,15,174,,2027-01-05,2027-01-05,13:30,5,166.57,EUR,2026-11-05 10:30:00
455,BKBDSAE0W4,59,activity,confirmed,,,,,11,2026-09-05,2026-09-05,,2,16.58,EUR,2026-05-17 20:00:00
456,BKXQJCO0OD,153,hotel_room,cancelled,5,350,,,,2027-04-14,2027-04-16,,1,165.54,EUR,2027-01-15 11:15:00
457,BK3LLZTEQ5,85,restaurant_table,confirmed,,,23,287,,2027-04-25,2027-04-25,21:30,2,32.15,EUR,2027-03-25 10:00:00
458,BKTKK8PU00,178,hotel_room,confirmed,1,2,,,,2026-10-03,2026-10-04,,2,79.55,EUR,2026-06-30 15:45:00
459,BKKT3PZUAC,185,hotel_room,pending,16,1127,,,,2026-11-30,2026-12-01,,2,270.44,EUR,2026-11-08 12:45:00
460,BKTJ265PUU,67,hotel_room,completed,20,1490,,,,2027-02-10,2027-02-14,,1,1133.16,EUR,2026-12-19 09:30:00
461,BK12XROMTO,176,restaurant_table,confirmed,,,2,8,,2026-10-16,2026-10-16,20:30,4,95.2,EUR,2026-07-31 11:00:00
462,BK649OV3MP,131,restaurant_table,confirmed,,,19,227,,2026-11-10,2026-11-10,14:00,2,31.08,EUR,2026-08-13 18:15:00
463,BKLO1TGLJS,195,hotel_room,confirmed,8,571,,,,2026-09-06,2026-09-12,,3,967.2,EUR,2026-05-14 13:00:00
464,BKZDIPIUGB,125,hotel_room,confirmed,9,631,,,,2026-10-19,2026-10-20,,3,151.62,EUR,2026-10-13 17:00:00
465,BKJJTVZTEF,152,restaurant_table,completed,,,12,139,,2026-11-23,2026-11-23,20:00,6,167.91,EUR,2026-10-19 08:30:00
466,BKFPWBWOTQ,196,restaurant_table,completed,,,12,139,,2027-04-08,2027-04-08,13:30,6,189.01,EUR,2026-12-30 23:00:00
467,BKUW5HZ1OL,132,activity,completed,,,,,10,2027-03-02,2027-03-02,,4,34.68,EUR,2027-02-15 17:45:00
468,BKPUIAA31E,81,restaurant_table,cancelled,,,5,38,,2026-12-14,2026-12-14,14:00,1,17.11,EUR,2026-08-24 18:45:00
469,BK23ETMN1B,130,hotel_room,confirmed,5,321,,,,2026-11-20,2026-11-22,,3,319.82,EUR,2026-08-08 18:45:00
470,BKJ56769G8,153,hotel_room,confirmed,25,1782,,,,2027-04-23,2027-04-27,,2,324.88,EUR,2027-04-10 08:15:00
471,BK0648WF7W,108,hotel_room,confirmed,9,681,,,,2027-04-18,2027-04-21,,4,785.82,EUR,2027-03-17 23:00:00
472,BK4L7CA4J5,41,activity,completed,,,,,1,2026-11-29,2026-11-29,,6,228.48,EUR,2026-09-21 12:45:00
473,BKSB37OB8O,13,restaurant_table,confirmed,,,24,314,,2026-09-29,2026-09-29,20:30,5,64.63,EUR,2026-09-02 18:45:00
474,BKQWS9N03F,67,restaurant_table,cancelled,,,20,251,,2027-04-15,2027-04-15,20:00,4,62.36,EUR,2027-02-01 18:00:00
475,BKGF1TW1CW,172,hotel_room,confirmed,9,666,,,,2027-01-13,2027-01-18,,3,955.25,EUR,2027-01-04 17:45:00
476,BKNJBCIW7W,110,restaurant_table,completed,,,12,140,,2026-10-24,2026-10-24,22:30,2,50.38,EUR,2026-08-20 08:45:00
477,BKK0GXS94J,4,hotel_room,pending,7,504,,,,2027-01-02,2027-01-05,,2,345.27,EUR,2026-10-30 22:00:00
478,BKUBDVSC6C,171,activity,confirmed,,,,,3,2026-11-07,2026-11-07,,2,48.28,EUR,2026-07-25 16:30:00
479,BKSP7ODBBF,75,restaurant_table,pending,,,30,377,,2027-01-24,2027-01-24,21:30,1,25.87,EUR,2026-12-27 07:15:00
480,BK20UR0YJ6,159,hotel_room,cancelled,6,466,,,,2026-09-05,2026-09-06,,1,52.66,EUR,2026-06-05 15:00:00
481,BK2UZDAKIP,10,hotel_room,confirmed,7,519,,,,2026-09-26,2026-10-03,,3,389.9,EUR,2026-09-07 17:15:00
482,BKG7K6AVE0,104,hotel_room,cancelled,10,695,,,,2026-12-25,2026-12-30,,2,1157.15,EUR,2026-10-19 08:30:00
483,BK5C9YM0FU,36,hotel_room,confirmed,23,1704,,,,2026-10-26,2026-10-30,,1,98.6,EUR,2026-08-16 16:30:00
484,BK9JQ88ZME,63,hotel_room,confirmed,20,1459,,,,2027-04-08,2027-04-13,,2,1416.45,EUR,2027-03-20 12:30:00
485,BKJYYHQHP0,2,activity,confirmed,,,,,4,2026-12-28,2026-12-28,,4,122.76,EUR,2026-12-18 10:00:00
486,BKIUYJT509,142,hotel_room,confirmed,1,34,,,,2026-12-26,2026-12-30,,1,318.2,EUR,2026-09-21 10:00:00
487,BK9GTAVFOK,81,restaurant_table,completed,,,7,60,,2026-09-17,2026-09-17,22:00,3,120.57,EUR,2026-07-12 10:00:00
488,BKARDY3GS6,118,restaurant_table,confirmed,,,15,179,,2027-01-29,2027-01-29,20:30,5,129.34,EUR,2026-11-25 18:45:00
489,BK3U4RD3RB,57,restaurant_table,confirmed,,,3,12,,2026-10-21,2026-10-21,13:30,2,65.19,EUR,2026-08-21 11:15:00
490,BKSFLZTEAY,5,hotel_room,confirmed,15,1060,,,,2026-11-06,2026-11-07,,3,120.85,EUR,2026-10-23 14:45:00
491,BKCFB8ZVS0,25,hotel_room,completed,14,1011,,,,2027-02-27,2027-03-06,,1,4050.55,EUR,2027-01-07 14:00:00
492,BK9Y7R6Q7E,120,hotel_room,completed,8,590,,,,2026-09-06,2026-09-13,,2,1474.13,EUR,2026-07-16 21:30:00
493,BKE25O4UTM,52,hotel_room,completed,21,1538,,,,2026-12-13,2026-12-17,,2,647.48,EUR,2026-10-15 21:00:00
494,BKKFRSSFWV,152,restaurant_table,completed,,,30,374,,2026-12-23,2026-12-23,20:00,2,61.8,EUR,2026-12-18 15:00:00
495,BKKOG4BNOX,63,hotel_room,completed,9,644,,,,2027-01-11,2027-01-14,,2,454.86,EUR,2026-10-13 17:30:00
496,BKZWNYH43P,27,activity,completed,,,,,15,2027-04-28,2027-04-28,,5,51.9,EUR,2027-03-19 12:45:00
497,BKJM9W7YVP,160,activity,cancelled,,,,,4,2027-01-24,2027-01-24,,4,122.76,EUR,2027-01-04 15:45:00
498,BK4Y2C1AXX,144,hotel_room,completed,16,1166,,,,2026-11-06,2026-11-08,,1,324.28,EUR,2026-10-01 13:00:00
499,BK9MXQZTZN,152,restaurant_table,confirmed,,,16,184,,2027-03-31,2027-03-31,14:00,2,60.86,EUR,2027-02-15 07:45:00
500,BK5AOPQI4G,186,restaurant_table,no_show,,,20,251,,2026-09-04,2026-09-04,13:30,4,55.1,EUR,2026-06-13 17:30:00
501,BKLYDADFHD,22,restaurant_table,completed,,,13,151,,2027-03-11,2027-03-11,20:30,3,150.01,EUR,2027-03-03 17:00:00
502,BKFOAD96IM,136,restaurant_table,cancelled,,,14,157,,2026-12-16,2026-12-16,13:00,1,16.63,EUR,2026-10-11 09:15:00
503,BK4IMNEDQQ,136,activity,completed,,,,,11,2026-12-06,2026-12-06,,4,33.16,EUR,2026-09-17 08:45:00
504,BKE79IIB0N,193,hotel_room,completed,22,1623,,,,2026-12-15,2026-12-19,,2,1056.0,EUR,2026-12-06 11:15:00
505,BKJM0QH1P1,130,hotel_room,pending,24,1731,,,,2027-03-30,2027-04-02,,3,136.77,EUR,2027-01-08 14:00:00
506,BKLVI8JZ3G,45,hotel_room,confirmed,21,1562,,,,2026-12-28,2026-12-29,,3,161.87,EUR,2026-09-18 09:15:00
507,BKUL0QQT7R,195,hotel_room,cancelled,20,1448,,,,2026-12-28,2026-12-30,,2,566.58,EUR,2026-11-16 12:15:00
508,BKHETOOC1Q,7,activity,cancelled,,,,,13,2027-04-24,2027-04-24,,2,21.7,EUR,2027-02-13 20:00:00
509,BKK474DKWG,177,restaurant_table,confirmed,,,17,193,,2026-11-22,2026-11-22,20:00,2,51.91,EUR,2026-08-27 08:45:00
510,BKNJMU6TE8,2,hotel_room,completed,23,1687,,,,2026-12-29,2027-01-06,,2,589.52,EUR,2026-11-08 19:00:00
511,BK5UWEJQ2R,175,hotel_room,confirmed,11,766,,,,2027-02-16,2027-02-18,,2,162.78,EUR,2026-12-19 13:30:00
512,BKGGKX9SKN,54,hotel_room,confirmed,3,215,,,,2026-10-26,2026-10-31,,3,1457.6,EUR,2026-08-03 21:45:00
513,BKKQ9I63OK,29,hotel_room,confirmed,1,70,,,,2026-09-11,2026-09-13,,2,185.86,EUR,2026-06-07 23:15:00
514,BKJLA4IAE2,6,hotel_room,no_show,16,1183,,,,2027-02-10,2027-02-12,,6,540.88,EUR,2026-11-04 16:30:00
515,BKNZUEKUWV,24,restaurant_table,cancelled,,,5,45,,2026-11-04,2026-11-04,21:30,3,37.25,EUR,2026-10-14 22:45:00
516,BK1LNDAN0A,116,restaurant_table,confirmed,,,1,1,,2026-12-03,2026-12-03,21:30,2,88.46,EUR,2026-10-31 11:15:00
517,BKJRM3VNH1,197,hotel_room,confirmed,8,581,,,,2026-09-10,2026-09-13,,1,483.6,EUR,2026-09-09 13:30:00
518,BK94TAPNAQ,96,restaurant_table,confirmed,,,28,362,,2026-09-08,2026-09-08,21:30,8,214.72,EUR,2026-05-23 20:45:00
519,BK8SSV9BGV,187,hotel_room,confirmed,9,634,,,,2026-09-05,2026-09-09,,3,764.2,EUR,2026-07-07 07:00:00
520,BKHWAUB00G,188,restaurant_table,pending,,,16,187,,2026-11-16,2026-11-16,13:30,3,72.91,EUR,2026-10-30 16:00:00
521,BK69M32TPW,70,restaurant_table,cancelled,,,7,57,,2026-11-24,2026-11-24,21:30,3,155.41,EUR,2026-11-06 08:30:00
522,BKFHVKUU61,47,restaurant_table,confirmed,,,23,288,,2027-01-06,2027-01-06,22:30,2,34.44,EUR,2026-11-20 08:00:00
523,BKR8BPBQW8,130,hotel_room,confirmed,23,1704,,,,2027-01-20,2027-01-25,,1,123.25,EUR,2026-12-22 09:45:00
524,BKOXVSXLCU,189,hotel_room,completed,25,1782,,,,2026-12-20,2026-12-24,,1,324.88,EUR,2026-11-10 11:15:00
525,BKBTV30J2Q,84,restaurant_table,pending,,,19,240,,2026-12-23,2026-12-23,14:00,1,17.12,EUR,2026-11-28 21:15:00
526,BKGWKLHNMY,182,restaurant_table,confirmed,,,22,273,,2026-09-23,2026-09-23,22:30,3,166.59,EUR,2026-07-17 21:00:00
527,BKA5RYGHP4,148,restaurant_table,completed,,,25,323,,2026-09-16,2026-09-16,13:00,5,136.23,EUR,2026-08-30 23:15:00
528,BKDON7587W,38,activity,confirmed,,,,,14,2027-01-31,2027-01-31,,2,76.62,EUR,2027-01-17 17:45:00
529,BKZPDAA4P5,151,restaurant_table,completed,,,24,314,,2027-04-09,2027-04-09,20:30,3,45.83,EUR,2026-12-30 14:45:00
530,BKRHC2ZK1I,99,hotel_room,confirmed,19,1393,,,,2027-04-06,2027-04-11,,2,382.8,EUR,2027-01-08 15:30:00
531,BKQPV6N7VD,119,restaurant_table,confirmed,,,30,379,,2026-11-12,2026-11-12,20:30,2,52.74,EUR,2026-08-15 19:00:00
532,BK47TNTC5N,15,restaurant_table,cancelled,,,23,292,,2026-12-03,2026-12-03,20:00,2,27.96,EUR,2026-08-22 09:45:00
533,BKYGMUBA56,137,activity,pending,,,,,11,2027-02-19,2027-02-19,,5,41.45,EUR,2026-11-23 21:45:00
534,BK9VCLOFIZ,81,hotel_room,completed,19,1335,,,,2027-03-02,2027-03-06,,4,478.56,EUR,2027-01-08 17:15:00
535,BKDMIIPR45,20,hotel_room,confirmed,15,1057,,,,2026-11-20,2026-11-24,,2,1214.72,EUR,2026-09-23 11:30:00
536,BKCC0H4QEM,108,hotel_room,confirmed,20,1460,,,,2027-03-01,2027-03-06,,2,862.8,EUR,2027-01-02 08:15:00
537,BKZHKG9PFJ,123,activity,completed,,,,,5,2027-04-28,2027-04-28,,1,9.95,EUR,2027-03-12 15:45:00
538,BKBXYSS09W,64,restaurant_table,confirmed,,,25,317,,2027-04-04,2027-04-04,14:30,3,70.67,EUR,2026-12-13 11:15:00
539,BK1A5558TN,60,restaurant_table,confirmed,,,30,378,,2026-12-04,2026-12-04,14:30,5,130.65,EUR,2026-10-12 13:30:00
540,BKB7LPZYJ1,145,restaurant_table,confirmed,,,16,187,,2027-04-08,2027-04-08,22:30,3,86.57,EUR,2027-03-05 20:00:00
541,BK3BEVGLCD,54,hotel_room,confirmed,22,1587,,,,2026-12-05,2026-12-10,,2,2887.4,EUR,2026-10-07 08:45:00
542,BK9MPOEKYJ,29,restaurant_table,completed,,,7,60,,2026-11-19,2026-11-19,20:30,1,55.57,EUR,2026-10-01 12:00:00
543,BKJ6O32RL3,200,hotel_room,completed,11,758,,,,2026-09-07,2026-09-11,,3,313.68,EUR,2026-09-01 08:15:00
544,BKZMJK7BFK,108,hotel_room,completed,10,732,,,,2027-01-17,2027-01-19,,2,527.36,EUR,2026-09-19 11:00:00
545,BKIR50A0B1,68,activity,cancelled,,,,,9,2026-09-14,2026-09-14,,3,76.08,EUR,2026-07-29 23:30:00
546,BK93Q4598Q,4,hotel_room,confirmed,23,1686,,,,2027-04-23,2027-04-25,,1,49.3,EUR,2027-02-22 13:45:00
547,BKJ8TJZ7DI,132,hotel_room,pending,23,1687,,,,2026-12-27,2026-12-28,,1,73.69,EUR,2026-09-02 23:45:00
548,BKBAVM5E71,9,restaurant_table,completed,,,5,42,,2027-02-23,2027-02-23,21:00,3,48.73,EUR,2027-01-21 10:45:00
549,BK4XEJ37MH,45,hotel_room,completed,24,1731,,,,2026-10-22,2026-10-25,,1,136.77,EUR,2026-08-31 19:30:00
550,BKZBFF9Q9B,134,restaurant_table,confirmed,,,9,90,,2027-01-21,2027-01-21,21:00,1,25.07,EUR,2026-10-25 15:00:00
551,BKKC43GD4S,15,hotel_room,confirmed,23,1677,,,,2027-03-19,2027-03-23,,3,453.64,EUR,2026-11-24 10:30:00
552,BKFDUEFCAD,174,hotel_room,confirmed,8,594,,,,2027-03-07,2027-03-13,,2,1773.66,EUR,2027-02-15 16:45:00
553,BKS4KOLCFA,173,hotel_room,pending,4,308,,,,2027-01-21,2027-01-24,,3,266.55,EUR,2027-01-14 11:30:00
554,BK1U2TQKWJ,99,hotel_room,cancelled,16,1163,,,,2026-12-31,2027-01-06,,2,972.84,EUR,2026-10-08 17:15:00
555,BK2SCXFMP3,200,restaurant_table,confirmed,,,22,277,,2027-03-15,2027-03-15,21:00,1,43.8,EUR,2027-02-28 18:15:00
556,BK2Y8HYA7U,88,activity,completed,,,,,13,2026-10-29,2026-10-29,,2,21.7,EUR,2026-07-19 20:45:00
557,BKRRC6DNV6,103,hotel_room,confirmed,3,212,,,,2027-03-24,2027-03-26,,2,583.04,EUR,2027-02-01 23:00:00
558,BKLQXPUJ2G,25,hotel_room,confirmed,24,1708,,,,2027-02-20,2027-02-26,,2,370.14,EUR,2027-02-16 20:15:00
559,BK0169UOKE,63,activity,confirmed,,,,,2,2027-02-25,2027-02-25,,6,49.5,EUR,2026-11-14 09:30:00
560,BKCJJ0QJW5,170,hotel_room,completed,19,1367,,,,2026-10-01,2026-10-03,,2,153.12,EUR,2026-09-05 15:00:00
561,BK9GJES4Q8,72,activity,completed,,,,,1,2026-11-25,2026-11-25,,3,114.24,EUR,2026-08-11 23:45:00
562,BK4LFQ1F3L,128,hotel_room,completed,13,851,,,,2026-11-15,2026-11-17,,2,265.52,EUR,2026-11-01 22:30:00
563,BK8734VSRV,132,hotel_room,completed,2,106,,,,2027-04-02,2027-04-04,,1,182.28,EUR,2026-12-15 20:45:00
564,BK0AV1L3VE,179,hotel_room,confirmed,15,1064,,,,2026-09-18,2026-09-22,,1,411.52,EUR,2026-09-03 11:15:00
565,BK4P1W0HEX,105,restaurant_table,completed,,,9,94,,2027-04-18,2027-04-18,14:00,5,159.06,EUR,2027-02-09 16:30:00
566,BK0VQ7BUOG,97,restaurant_table,completed,,,13,147,,2027-02-28,2027-02-28,13:30,2,112.19,EUR,2027-02-20 21:00:00
567,BK80KST3W0,49,hotel_room,completed,23,1678,,,,2026-11-01,2026-11-05,,3,453.64,EUR,2026-10-09 22:00:00
568,BK8L958DZ0,20,activity,confirmed,,,,,13,2027-03-26,2027-03-26,,4,43.4,EUR,2026-12-26 07:45:00
569,BKSF7BK97L,87,hotel_room,confirmed,10,715,,,,2027-02-07,2027-02-12,,3,1136.15,EUR,2026-12-23 20:30:00
570,BK7TL86K8S,115,hotel_room,confirmed,6,472,,,,2026-12-20,2026-12-23,,1,283.59,EUR,2026-10-02 15:45:00
571,BKFKNKBN1Y,134,activity,confirmed,,,,,6,2026-10-10,2026-10-10,,3,138.84,EUR,2026-07-15 12:45:00
572,BK18VL4J73,190,hotel_room,completed,10,701,,,,2027-03-21,2027-03-24,,2,908.22,EUR,2027-01-10 19:15:00
573,BKA0L8OORW,194,hotel_room,confirmed,1,32,,,,2027-04-22,2027-04-26,,2,318.2,EUR,2027-03-18 21:00:00
574,BKCDQVNV7W,181,restaurant_table,confirmed,,,21,266,,2027-01-01,2027-01-01,14:00,2,35.45,EUR,2026-09-20 21:45:00
575,BK9W2BTKQC,196,restaurant_table,cancelled,,,7,56,,2026-10-03,2026-10-03,21:00,2,85.27,EUR,2026-06-19 11:15:00
576,BKCSGG0498,18,restaurant_table,cancelled,,,5,40,,2026-11-27,2026-11-27,14:00,2,32.72,EUR,2026-10-29 21:45:00
577,BKTR6Q15ON,48,hotel_room,no_show,19,1368,,,,2026-10-30,2026-11-04,,2,471.65,EUR,2026-09-16 19:00:00
578,BK1KPQURK0,71,restaurant_table,completed,,,20,245,,2027-02-24,2027-02-24,13:30,2,30.42,EUR,2026-12-29 07:00:00
579,BKP6BHP65F,195,hotel_room,confirmed,14,957,,,,2027-02-10,2027-02-13,,3,1735.95,EUR,2026-11-10 08:15:00
580,BK8BHXNN3R,51,hotel_room,confirmed,18,1265,,,,2027-02-07,2027-02-10,,1,327.24,EUR,2026-10-16 09:00:00
581,BKUYX1X3SW,127,hotel_room,confirmed,15,1029,,,,2026-10-04,2026-10-09,,1,514.4,EUR,2026-07-30 21:00:00
582,BKHT6XSE9O,160,hotel_room,confirmed,11,783,,,,2027-04-18,2027-04-23,,4,574.3,EUR,2027-01-17 09:45:00
583,BKEZUGELFT,96,hotel_room,completed,6,428,,,,2026-10-04,2026-10-07,,3,283.59,EUR,2026-06-11 23:15:00
584,BK3MB69JTD,49,hotel_room,cancelled,23,1688,,,,2026-10-23,2026-10-26,,1,221.07,EUR,2026-08-23 19:30:00
585,BKALM1OSBQ,24,restaurant_table,pending,,,12,144,,2027-04-08,2027-04-08,14:00,2,61.01,EUR,2027-03-17 16:30:00
586,BKBS4QFIPJ,84,hotel_room,confirmed,23,1675,,,,2026-12-02,2026-12-07,,3,567.05,EUR,2026-10-01 17:00:00
587,BK6X4EMN1L,119,hotel_room,completed,1,12,,,,2027-03-20,2027-03-22,,2,159.1,EUR,2026-12-16 14:30:00
588,BKN6FOCFST,144,hotel_room,confirmed,14,965,,,,2027-03-29,2027-04-02,,2,1357.76,EUR,2026-12-20 12:00:00
589,BK0TXKMHGC,132,hotel_room,cancelled,20,1485,,,,2027-02-02,2027-02-06,,1,740.2,EUR,2026-11-02 09:45:00
590,BKDTE4FAN9,145,hotel_room,confirmed,22,1591,,,,2027-01-22,2027-01-26,,2,1056.0,EUR,2026-11-27 19:45:00
591,BKNKBPRQX1,8,hotel_room,completed,4,309,,,,2027-03-23,2027-03-28,,6,637.65,EUR,2027-03-19 10:15:00
592,BKWJW3JOEY,194,activity,confirmed,,,,,2,2026-11-05,2026-11-05,,4,33.0,EUR,2026-10-28 22:45:00
593,BKDU2BMYND,109,restaurant_table,completed,,,4,27,,2026-09-07,2026-09-07,21:30,6,306.68,EUR,2026-07-04 09:00:00
594,BKPIPN3DB5,28,hotel_room,completed,15,1029,,,,2026-11-11,2026-11-17,,1,617.28,EUR,2026-07-23 19:45:00
595,BKD90MPLNT,56,restaurant_table,confirmed,,,11,128,,2027-03-29,2027-03-29,13:00,3,36.48,EUR,2026-12-02 09:30:00
596,BKKP3VA5LJ,135,restaurant_table,cancelled,,,26,332,,2026-12-13,2026-12-13,14:00,4,102.38,EUR,2026-09-15 23:15:00
597,BK9VRWUHNH,148,activity,confirmed,,,,,6,2027-04-22,2027-04-22,,2,92.56,EUR,2027-01-23 11:30:00
598,BK589N95MZ,145,activity,confirmed,,,,,13,2026-09-07,2026-09-07,,6,65.1,EUR,2026-08-16 14:45:00
599,BKX7T00R71,189,restaurant_table,cancelled,,,7,58,,2026-11-01,2026-11-01,20:00,6,234.15,EUR,2026-09-09 15:45:00
600,BKK24ZCHQW,132,hotel_room,confirmed,23,1687,,,,2027-03-16,2027-03-20,,3,294.76,EUR,2027-01-16 17:30:00
601,BKL8HTNYEE,107,hotel_room,confirmed,17,1193,,,,2026-09-29,2026-10-03,,3,201.8,EUR,2026-09-18 18:45:00
602,BKBVVVRYWQ,45,restaurant_table,pending,,,4,24,,2026-11-18,2026-11-18,14:30,2,91.2,EUR,2026-09-01 12:45:00
603,BKFRBMSRUR,87,restaurant_table,completed,,,17,200,,2026-12-07,2026-12-07,20:00,1,31.12,EUR,2026-11-07 22:45:00
604,BKJ5JO7Y4R,176,restaurant_table,pending,,,12,144,,2026-12-15,2026-12-15,21:00,2,44.96,EUR,2026-09-29 20:15:00
605,BK2BMQBF0X,9,hotel_room,cancelled,4,301,,,,2026-12-09,2026-12-12,,2,382.59,EUR,2026-08-19 08:30:00
606,BK9RM43CA0,45,restaurant_table,completed,,,3,15,,2026-12-15,2026-12-15,21:00,2,61.68,EUR,2026-11-14 15:30:00
607,BKY1VSIF4W,112,restaurant_table,confirmed,,,30,379,,2027-03-02,2027-03-02,20:30,2,51.63,EUR,2027-01-15 15:30:00
608,BKNRT3SULO,81,hotel_room,pending,11,754,,,,2027-01-07,2027-01-13,,1,470.52,EUR,2026-09-09 09:45:00
609,BKCDF2A39G,33,restaurant_table,completed,,,27,346,,2027-03-02,2027-03-02,13:30,6,262.48,EUR,2026-12-14 22:00:00
610,BKRT9SFSLP,81,restaurant_table,completed,,,20,248,,2027-02-10,2027-02-10,20:30,5,73.45,EUR,2026-11-07 14:00:00
611,BKZ59HNDI0,84,restaurant_table,confirmed,,,25,319,,2027-03-21,2027-03-21,22:30,6,177.4,EUR,2026-12-24 22:30:00
612,BK73C7REA5,187,hotel_room,confirmed,21,1552,,,,2027-03-31,2027-04-05,,1,303.5,EUR,2027-01-18 11:00:00
613,BK6PD3XTLT,126,restaurant_table,confirmed,,,4,27,,2026-10-01,2026-10-01,13:00,7,394.2,EUR,2026-08-13 09:00:00
614,BK953AD499,31,hotel_room,confirmed,24,1739,,,,2027-03-15,2027-03-21,,2,370.14,EUR,2027-01-10 22:30:00
615,BKKZ4D0Z0B,38,restaurant_table,pending,,,11,119,,2026-10-15,2026-10-15,14:00,3,37.71,EUR,2026-07-23 07:15:00
616,BKGAAM4AB2,12,restaurant_table,pending,,,12,137,,2027-01-19,2027-01-19,22:30,5,132.22,EUR,2026-12-10 19:15:00
617,BKKC5C6PR6,70,restaurant_table,completed,,,16,189,,2027-03-18,2027-03-18,13:00,1,29.47,EUR,2027-01-23 20:15:00
618,BKD4SRVZU2,35,restaurant_table,completed,,,22,278,,2027-02-25,2027-02-25,14:30,4,220.05,EUR,2027-02-02 20:30:00
619,BK4WACMTVI,194,hotel_room,confirmed,13,897,,,,2027-02-01,2027-02-04,,1,458.1,EUR,2026-11-17 15:45:00
620,BKIYQWKX2O,62,hotel_room,confirmed,6,443,,,,2026-10-16,2026-10-18,,1,105.32,EUR,2026-09-17 08:15:00
621,BKF16VJJR3,103,hotel_room,pending,23,1672,,,,2027-03-18,2027-03-23,,2,243.35,EUR,2027-01-28 14:30:00
622,BKWNZ0NMI5,112,restaurant_table,confirmed,,,12,135,,2026-10-03,2026-10-03,14:00,1,28.65,EUR,2026-07-13 07:00:00
623,BKLLVNGCOO,184,hotel_room,confirmed,9,638,,,,2027-02-26,2027-03-04,,5,1571.64,EUR,2026-11-03 14:45:00
624,BKN2ARMMOM,175,hotel_room,confirmed,25,1791,,,,2027-02-26,2027-03-05,,2,301.14,EUR,2027-01-30 15:00:00
625,BK59AR3O2G,152,hotel_room,cancelled,21,1557,,,,2027-01-15,2027-01-20,,2,809.35,EUR,2027-01-04 11:30:00
626,BKYSXWTTJG,95,restaurant_table,confirmed,,,23,290,,2027-03-12,2027-03-12,22:00,5,80.33,EUR,2027-01-17 19:00:00
627,BKJ2M177XN,68,hotel_room,confirmed,23,1704,,,,2027-02-19,2027-02-23,,1,98.6,EUR,2027-02-15 17:15:00
628,BK7NNFXBPK,25,restaurant_table,pending,,,5,46,,2027-01-21,2027-01-21,13:30,2,33.63,EUR,2026-11-04 21:45:00
629,BKVAZ117ZC,104,restaurant_table,cancelled,,,12,143,,2027-03-31,2027-03-31,20:30,2,62.26,EUR,2026-12-27 07:15:00
630,BK9WFAO7VL,80,restaurant_table,cancelled,,,8,79,,2027-01-05,2027-01-05,14:30,2,57.53,EUR,2026-11-11 14:15:00
631,BKN0OQVSAM,143,hotel_room,confirmed,16,1165,,,,2026-11-30,2026-12-03,,3,548.19,EUR,2026-09-04 21:30:00
632,BKD65NCDJF,5,restaurant_table,cancelled,,,11,121,,2026-12-16,2026-12-16,14:00,2,33.34,EUR,2026-11-20 09:45:00
633,BKLKNS62RN,154,restaurant_table,confirmed,,,24,311,,2026-10-23,2026-10-23,14:30,6,107.03,EUR,2026-09-03 21:15:00
634,BKCAT971ZB,192,activity,confirmed,,,,,7,2027-02-18,2027-02-18,,4,167.56,EUR,2026-11-07 10:00:00
635,BK6WXRF41D,158,hotel_room,confirmed,24,1715,,,,2027-03-13,2027-03-15,,4,160.58,EUR,2026-12-29 13:45:00
636,BKASW5PR01,148,restaurant_table,completed,,,20,247,,2027-01-05,2027-01-05,13:30,8,115.91,EUR,2026-09-28 18:00:00
637,BK6BVY1WF9,49,restaurant_table,confirmed,,,9,95,,2027-03-22,2027-03-22,13:30,5,136.67,EUR,2027-03-14 17:15:00
638,BKWCZ6UN6C,102,hotel_room,no_show,10,740,,,,2026-12-25,2026-12-28,,3,488.31,EUR,2026-11-19 14:30:00
639,BKKQOTOWQ7,104,hotel_room,completed,11,747,,,,2027-04-09,2027-04-12,,3,344.58,EUR,2027-02-18 15:45:00
640,BKEA78CNVT,108,restaurant_table,confirmed,,,6,48,,2026-10-18,2026-10-18,21:30,3,90.25,EUR,2026-07-04 14:45:00
641,BKHF1FLLHV,12,restaurant_table,confirmed,,,13,151,,2026-09-01,2026-09-01,21:30,2,95.11,EUR,2026-07-27 21:45:00
642,BKW906ECCT,32,activity,confirmed,,,,,4,2027-03-06,2027-03-06,,2,61.38,EUR,2026-12-08 19:30:00
643,BK6UUABKV4,50,hotel_room,cancelled,20,1446,,,,2027-04-05,2027-04-08,,2,849.87,EUR,2027-04-04 10:15:00
644,BKXCWVHGO0,137,restaurant_table,completed,,,1,1,,2027-04-13,2027-04-13,21:30,2,100.13,EUR,2027-03-29 13:45:00
645,BKK9XB5G1F,40,hotel_room,cancelled,17,1214,,,,2027-01-02,2027-01-06,,1,201.8,EUR,2026-10-15 11:15:00
646,BKICQCDN4E,121,activity,confirmed,,,,,4,2026-10-24,2026-10-24,,3,92.07,EUR,2026-08-11 18:15:00
647,BKGEL0ICOD,100,hotel_room,confirmed,17,1222,,,,2026-11-29,2026-12-01,,3,100.9,EUR,2026-11-28 19:45:00
648,BKHIOOMDLU,92,restaurant_table,confirmed,,,27,344,,2026-09-19,2026-09-19,14:30,1,40.52,EUR,2026-09-12 09:00:00
649,BK196GBYGZ,141,restaurant_table,confirmed,,,24,313,,2027-03-16,2027-03-16,15:00,3,43.73,EUR,2027-03-01 16:30:00
650,BKA7HZRG9A,65,hotel_room,confirmed,10,715,,,,2026-09-08,2026-09-10,,4,454.46,EUR,2026-09-01 13:45:00
651,BK1UQRWBZA,152,hotel_room,confirmed,14,959,,,,2027-02-25,2027-03-02,,2,2893.25,EUR,2026-11-14 14:30:00
652,BKQVZ19O8W,147,restaurant_table,pending,,,28,365,,2026-11-25,2026-11-25,21:30,1,32.61,EUR,2026-08-11 11:45:00
653,BK21LUM8S3,104,restaurant_table,cancelled,,,16,185,,2026-10-07,2026-10-07,20:30,5,149.25,EUR,2026-08-30 18:45:00
654,BKI7ZH4SY7,82,restaurant_table,pending,,,20,245,,2027-04-13,2027-04-13,20:30,4,56.29,EUR,2027-02-21 16:45:00
655,BKAMT7IRZ9,153,restaurant_table,confirmed,,,1,1,,2027-03-20,2027-03-20,22:00,2,81.44,EUR,2027-03-02 19:45:00
656,BK55SCKEX5,34,activity,confirmed,,,,,13,2027-02-20,2027-02-20,,4,43.4,EUR,2027-01-03 19:15:00
657,BKA7U7TYE2,47,hotel_room,confirmed,23,1679,,,,2026-10-22,2026-10-24,,1,49.3,EUR,2026-07-08 19:00:00
658,BKMFMH6RX0,5,hotel_room,completed,2,115,,,,2027-03-17,2027-03-21,,2,208.52,EUR,2026-11-22 14:30:00
659,BKRQOGRERB,138,hotel_room,cancelled,20,1447,,,,2026-10-09,2026-10-12,,1,517.68,EUR,2026-10-08 09:15:00
660,BK48JTCJGH,110,activity,confirmed,,,,,8,2027-01-10,2027-01-10,,3,120.81,EUR,2026-10-13 13:45:00
661,BK6GACYJTK,105,activity,completed,,,,,3,2026-10-29,2026-10-29,,4,96.56,EUR,2026-07-10 23:00:00
662,BK2SWI0NT6,134,hotel_room,cancelled,15,1093,,,,2027-03-17,2027-03-21,,2,1214.72,EUR,2027-01-29 23:45:00
663,BKSLIUMUHE,120,activity,completed,,,,,3,2026-10-21,2026-10-21,,2,48.28,EUR,2026-10-01 17:30:00
664,BKXO97L64K,2,activity,confirmed,,,,,11,2027-01-21,2027-01-21,,3,24.87,EUR,2026-12-20 15:30:00
665,BKTU62FID4,81,activity,confirmed,,,,,8,2026-12-11,2026-12-11,,1,40.27,EUR,2026-12-05 11:45:00
666,BKXIZIGC4S,183,hotel_room,confirmed,22,1669,,,,2026-10-26,2026-10-29,,1,534.06,EUR,2026-08-09 13:00:00
667,BKYFRSWJYT,91,activity,pending,,,,,2,2026-11-05,2026-11-05,,3,24.75,EUR,2026-07-23 10:00:00
668,BKHXOOPR2K,160,restaurant_table,completed,,,10,105,,2027-04-27,2027-04-27,13:30,2,46.35,EUR,2027-01-08 22:00:00
669,BKX8W90E77,130,hotel_room,confirmed,20,1477,,,,2026-09-12,2026-09-15,,1,555.15,EUR,2026-08-05 16:45:00
670,BKXJ5QN31O,132,hotel_room,no_show,16,1182,,,,2026-12-13,2026-12-16,,1,811.32,EUR,2026-08-31 11:00:00
671,BK9C2AS2NH,80,hotel_room,confirmed,10,730,,,,2026-10-24,2026-10-30,,2,1816.44,EUR,2026-07-04 17:30:00
672,BKA3BOZY0W,103,restaurant_table,confirmed,,,29,372,,2027-04-13,2027-04-13,21:30,3,44.34,EUR,2027-01-10 22:30:00
673,BKL8IHN608,43,hotel_room,confirmed,22,1621,,,,2026-12-06,2026-12-11,,1,890.1,EUR,2026-09-26 11:00:00
674,BK1KCZZZCR,140,hotel_room,confirmed,9,678,,,,2027-03-01,2027-03-02,,1,191.05,EUR,2027-02-27 16:30:00
675,BK9FH7T1WG,40,hotel_room,confirmed,8,552,,,,2026-10-17,2026-10-21,,2,842.36,EUR,2026-09-03 23:30:00
676,BKBT9OYQ7G,22,activity,confirmed,,,,,3,2026-10-01,2026-10-01,,4,96.56,EUR,2026-07-21 09:45:00
677,BKKEP5MGN0,50,restaurant_table,no_show,,,24,307,,2027-01-27,2027-01-27,14:00,2,28.34,EUR,2026-11-17 18:30:00
678,BK45XNX91E,54,activity,confirmed,,,,,7,2026-11-26,2026-11-26,,2,83.78,EUR,2026-10-02 23:45:00
679,BKL15IMMA5,104,restaurant_table,confirmed,,,10,102,,2027-01-03,2027-01-03,14:00,1,29.07,EUR,2026-12-05 07:30:00
680,BKLM0Q5KEQ,150,hotel_room,confirmed,1,5,,,,2027-02-04,2027-02-08,,1,371.72,EUR,2027-02-03 16:30:00
681,BK3BTFV4O7,170,restaurant_table,pending,,,3,12,,2027-04-10,2027-04-10,21:00,2,66.1,EUR,2026-12-11 19:30:00
682,BKLCZHCLM3,47,activity,confirmed,,,,,7,2026-12-26,2026-12-26,,1,41.89,EUR,2026-11-26 19:45:00
683,BKRX4GXX2M,41,hotel_room,completed,8,626,,,,2026-10-15,2026-10-16,,1,161.2,EUR,2026-08-03 21:15:00
684,BKL0A16V06,142,restaurant_table,completed,,,16,188,,2026-09-02,2026-09-02,13:30,5,146.64,EUR,2026-07-04 22:15:00
685,BK4MW6Y4SN,179,restaurant_table,pending,,,28,364,,2027-02-23,2027-02-23,20:00,2,61.7,EUR,2026-11-18 23:30:00
686,BK5Z51WZQV,133,activity,pending,,,,,14,2026-12-15,2026-12-15,,2,76.62,EUR,2026-10-27 13:15:00
687,BKWPR2QUCI,65,hotel_room,cancelled,24,1730,,,,2026-12-08,2026-12-15,,3,562.03,EUR,2026-10-12 09:30:00
688,BKUOQVBP2W,72,hotel_room,confirmed,12,822,,,,2027-02-13,2027-02-15,,1,57.46,EUR,2027-01-09 23:45:00
689,BKMLHP0YT7,11,restaurant_table,confirmed,,,2,11,,2027-01-13,2027-01-13,13:00,2,49.94,EUR,2026-10-11 18:45:00
690,BKYNLQBUGC,189,restaurant_table,completed,,,9,100,,2027-03-19,2027-03-19,13:00,4,132.95,EUR,2027-03-07 18:00:00
691,BKNMSZ3R1R,178,activity,confirmed,,,,,7,2026-12-02,2026-12-02,,4,167.56,EUR,2026-08-12 21:45:00
692,BKM4QHVJDS,18,activity,pending,,,,,13,2027-04-19,2027-04-19,,1,10.85,EUR,2027-03-22 11:45:00
693,BKHZT7Q344,52,hotel_room,confirmed,3,156,,,,2026-10-16,2026-10-20,,2,1166.08,EUR,2026-08-08 10:30:00
694,BKVBWL0CL3,8,restaurant_table,cancelled,,,8,70,,2026-12-19,2026-12-19,13:30,3,82.23,EUR,2026-11-14 22:15:00
695,BKLPZGNHIM,126,restaurant_table,pending,,,28,362,,2026-12-30,2026-12-30,14:00,10,308.7,EUR,2026-12-19 10:15:00
696,BK062AV6A5,149,hotel_room,cancelled,12,845,,,,2026-11-16,2026-11-18,,1,57.46,EUR,2026-10-20 14:45:00
697,BKRC5C37N8,175,hotel_room,confirmed,2,152,,,,2027-03-25,2027-03-26,,2,52.13,EUR,2026-12-01 07:45:00
698,BKN1VSASQI,123,restaurant_table,confirmed,,,15,174,,2027-03-07,2027-03-07,14:00,8,199.63,EUR,2026-11-28 18:45:00
699,BKYQPF157U,192,hotel_room,confirmed,2,150,,,,2026-09-03,2026-09-05,,3,361.28,EUR,2026-05-21 23:15:00
700,BKX1AVJ1DH,191,restaurant_table,no_show,,,27,341,,2026-11-06,2026-11-06,22:30,1,38.86,EUR,2026-08-17 08:45:00
701,BKPWZWQAPB,113,hotel_room,confirmed,7,478,,,,2027-02-01,2027-02-06,,3,575.45,EUR,2027-01-03 07:15:00
702,BKNKBHJWNF,143,restaurant_table,completed,,,19,230,,2027-03-25,2027-03-25,14:00,3,50.49,EUR,2026-12-12 12:45:00
703,BKY7IDT7HC,146,activity,pending,,,,,6,2026-09-02,2026-09-02,,3,138.84,EUR,2026-06-25 11:00:00
704,BK52N7JRVU,61,hotel_room,confirmed,2,116,,,,2026-11-16,2026-11-19,,5,541.92,EUR,2026-09-10 18:45:00
705,BKRIWG6VLX,94,restaurant_table,completed,,,4,26,,2027-04-08,2027-04-08,13:30,2,102.85,EUR,2026-12-17 11:45:00
706,BKPD6H1VTQ,190,restaurant_table,completed,,,22,276,,2027-03-18,2027-03-18,20:00,5,242.49,EUR,2027-02-02 17:00:00
707,BKB6IQS0SC,61,restaurant_table,confirmed,,,13,146,,2027-02-20,2027-02-20,21:00,3,132.14,EUR,2026-12-07 10:30:00
708,BKXV66ED6I,170,activity,completed,,,,,1,2026-12-23,2026-12-23,,4,152.32,EUR,2026-11-08 18:15:00
709,BKXLXSHIN6,115,hotel_room,confirmed,15,1069,,,,2026-11-16,2026-11-18,,4,562.76,EUR,2026-09-13 22:30:00
710,BKXS9T03QG,112,hotel_room,pending,10,740,,,,2027-01-02,2027-01-03,,2,162.77,EUR,2026-12-25 16:30:00
711,BK212QBYTH,40,hotel_room,confirmed,7,517,,,,2027-01-04,2027-01-08,,3,460.36,EUR,2026-11-21 07:15:00
712,BKXHMRG5DD,87,activity,confirmed,,,,,3,2027-01-04,2027-01-04,,4,96.56,EUR,2026-09-22 09:30:00
713,BK1LH19NNX,169,hotel_room,confirmed,12,828,,,,2027-01-21,2027-01-26,,1,165.65,EUR,2026-11-02 17:30:00
714,BK60DSMF4F,95,hotel_room,confirmed,25,1771,,,,2027-03-30,2027-04-01,,2,162.44,EUR,2026-12-17 09:00:00
715,BK3OOZ9YCP,18,activity,confirmed,,,,,11,2026-12-30,2026-12-30,,3,24.87,EUR,2026-09-22 12:00:00
716,BKCXX9MFFG,95,restaurant_table,confirmed,,,14,156,,2027-01-13,2027-01-13,20:30,2,30.07,EUR,2026-10-18 07:00:00
717,BKP5CLAP89,163,restaurant_table,cancelled,,,6,47,,2026-10-12,2026-10-12,14:30,3,73.58,EUR,2026-09-11 13:45:00
718,BK021ZPRIA,140,hotel_room,confirmed,6,471,,,,2027-01-15,2027-01-19,,1,378.12,EUR,2026-11-18 23:00:00
719,BK0TRBQ39M,197,hotel_room,confirmed,17,1231,,,,2026-09-24,2026-09-27,,2,151.35,EUR,2026-07-24 15:15:00
720,BKTRKTY72F,79,restaurant_table,confirmed,,,6,54,,2027-02-01,2027-02-01,21:30,2,62.38,EUR,2027-01-20 22:45:00
721,BKFUV1ZTJM,158,activity,completed,,,,,5,2026-12-08,2026-12-08,,3,29.85,EUR,2026-11-10 17:15:00
722,BKH8LIJPIR,99,hotel_room,confirmed,5,362,,,,2026-09-03,2026-09-07,,3,331.08,EUR,2026-06-09 23:00:00
723,BKYEN605T7,84,restaurant_table,confirmed,,,5,35,,2027-04-20,2027-04-20,13:00,3,44.42,EUR,2027-01-19 15:00:00
724,BKZX36Y9AD,91,hotel_room,completed,8,546,,,,2026-11-23,2026-11-29,,3,1263.54,EUR,2026-08-01 17:45:00
725,BKQN0OK3CX,106,hotel_room,confirmed,24,1714,,,,2027-04-23,2027-04-24,,2,45.59,EUR,2027-02-27 15:30:00
726,BK2Q3GXIDP,84,hotel_room,confirmed,14,999,,,,2026-11-04,2026-11-08,,3,2314.6,EUR,2026-08-08 23:45:00
727,BKXGPOU9UD,140,hotel_room,cancelled,19,1326,,,,2027-01-25,2027-01-29,,2,306.24,EUR,2026-10-14 17:45:00
728,BKDRINN9GA,103,hotel_room,confirmed,9,642,,,,2027-03-01,2027-03-07,,2,909.72,EUR,2027-02-02 12:45:00
729,BKIF7RW3S0,93,hotel_room,confirmed,24,1738,,,,2027-02-05,2027-02-06,,1,61.69,EUR,2027-01-31 18:15:00
730,BKU6MCTA44,188,restaurant_table,confirmed,,,1,2,,2027-04-05,2027-04-05,13:30,4,200.94,EUR,2027-03-21 16:15:00
731,BKAJIGZ93S,87,activity,confirmed,,,,,12,2026-12-03,2026-12-03,,3,33.6,EUR,2026-11-27 20:00:00
732,BK2SPFL010,90,restaurant_table,pending,,,7,69,,2026-12-27,2026-12-27,13:30,4,217.68,EUR,2026-11-25 09:15:00
733,BK0JQ3UVVJ,108,hotel_room,completed,2,94,,,,2026-10-27,2026-10-30,,1,156.39,EUR,2026-09-11 17:00:00
734,BKAAW195C1,149,hotel_room,confirmed,5,320,,,,2027-04-17,2027-04-19,,2,319.82,EUR,2027-01-14 17:00:00
735,BK3MLPXMOO,5,hotel_room,pending,15,1036,,,,2027-03-17,2027-03-18,,1,281.38,EUR,2027-01-09 09:45:00
736,BK2SMJG7OC,38,restaurant_table,completed,,,12,138,,2027-01-14,2027-01-14,14:00,3,69.95,EUR,2026-12-02 22:00:00
737,BKHBJCTEEU,182,hotel_room,completed,13,938,,,,2026-11-07,2026-11-09,,1,112.76,EUR,2026-07-29 17:30:00
738,BK0MPAU4XT,50,hotel_room,completed,17,1189,,,,2027-02-03,2027-02-06,,2,151.35,EUR,2026-11-02 14:15:00
739,BK22CJG3AR,113,hotel_room,pending,2,72,,,,2027-01-26,2027-01-28,,3,182.28,EUR,2026-10-19 15:15:00
740,BK28XY7G3Y,155,hotel_room,completed,6,431,,,,2026-10-14,2026-10-16,,1,189.06,EUR,2026-07-25 22:00:00
741,BKDWXFY9MP,184,hotel_room,completed,2,117,,,,2027-03-09,2027-03-10,,1,52.13,EUR,2027-02-06 07:00:00
742,BKTCYWSWJV,147,restaurant_table,cancelled,,,16,190,,2026-10-25,2026-10-25,22:30,2,53.22,EUR,2026-10-21 23:30:00
743,BK8U1JL2HK,106,hotel_room,confirmed,12,836,,,,2026-12-07,2026-12-12,,3,165.65,EUR,2026-08-17 07:45:00
744,BKHBO1AERA,143,hotel_room,pending,5,363,,,,2027-03-21,2027-03-24,,3,354.57,EUR,2027-01-08 20:00:00
745,BKW73355DF,72,hotel_room,cancelled,15,1033,,,,2026-10-05,2026-10-09,,1,411.52,EUR,2026-07-11 12:00:00
746,BKZT1B52MU,153,restaurant_table,completed,,,15,168,,2027-02-26,2027-02-26,14:30,2,47.7,EUR,2027-02-12 17:45:00
747,BKXZP3S7LW,12,hotel_room,completed,23,1677,,,,2026-10-09,2026-10-16,,1,793.87,EUR,2026-06-22 10:15:00
748,BK4MX8H9IH,126,hotel_room,completed,12,813,,,,2026-12-18,2026-12-21,,2,289.02,EUR,2026-09-16 23:45:00
749,BKN8PXY4HL,90,restaurant_table,completed,,,9,96,,2026-12-25,2026-12-25,22:00,5,125.37,EUR,2026-10-07 17:30:00
750,BKHJY5HF0M,54,hotel_room,pending,2,82,,,,2027-02-04,2027-02-09,,1,238.8,EUR,2026-12-17 15:45:00
751,BK64XOPVVL,109,hotel_room,pending,22,1568,,,,2027-03-15,2027-03-18,,2,792.0,EUR,2026-12-22 19:15:00
752,BKHL9KZMSX,32,restaurant_table,completed,,,2,6,,2027-02-01,2027-02-01,20:30,3,93.26,EUR,2026-12-30 22:00:00
753,BKPR2XDUU4,178,hotel_room,confirmed,19,1336,,,,2026-10-27,2026-10-30,,1,339.69,EUR,2026-09-01 17:00:00
754,BKUNWP6EEV,127,restaurant_table,confirmed,,,24,312,,2027-03-19,2027-03-19,21:30,2,24.89,EUR,2027-02-08 13:30:00
755,BK2W0LQMMG,105,hotel_room,completed,19,1333,,,,2026-09-13,2026-09-18,,4,566.15,EUR,2026-08-19 19:30:00
756,BKZRORRGDE,5,restaurant_table,confirmed,,,29,373,,2027-03-22,2027-03-22,14:30,2,24.06,EUR,2027-02-09 17:00:00
757,BKHNJPX2UN,136,hotel_room,pending,16,1177,,,,2026-11-11,2026-11-14,,3,811.32,EUR,2026-09-04 09:45:00
758,BKXZDF0SKY,48,hotel_room,pending,17,1227,,,,2026-09-20,2026-09-24,,2,116.88,EUR,2026-08-26 16:45:00
759,BKQYKJPSA5,22,hotel_room,completed,11,802,,,,2026-10-12,2026-10-14,,1,162.78,EUR,2026-06-27 14:30:00
760,BKDD0DP7ED,114,restaurant_table,cancelled,,,8,79,,2026-10-29,2026-10-29,14:00,1,33.06,EUR,2026-09-15 15:45:00
761,BKAKKSG5VZ,18,restaurant_table,pending,,,25,322,,2026-09-28,2026-09-28,14:30,2,52.36,EUR,2026-07-09 09:15:00
762,BKMNM1ZXAI,133,hotel_room,completed,2,149,,,,2027-04-01,2027-04-03,,1,104.26,EUR,2027-02-17 15:00:00
763,BK2GX49KDV,46,hotel_room,confirmed,20,1520,,,,2027-04-24,2027-04-28,,1,690.24,EUR,2027-01-16 17:00:00
764,BK6HSHSAFN,132,restaurant_table,pending,,,10,110,,2026-10-16,2026-10-16,13:30,5,148.02,EUR,2026-09-09 12:30:00
765,BK0UJAHKBG,116,activity,confirmed,,,,,12,2027-02-28,2027-02-28,,4,44.8,EUR,2027-02-12 16:15:00
766,BKZXT8E8J3,48,hotel_room,confirmed,2,91,,,,2027-02-13,2027-02-20,,2,637.98,EUR,2026-12-10 23:45:00
767,BKG0TRHUMJ,185,activity,confirmed,,,,,10,2026-10-02,2026-10-02,,4,34.68,EUR,2026-08-13 21:30:00
768,BKZ8KPSL8Q,184,hotel_room,completed,21,1524,,,,2026-09-16,2026-09-20,,1,242.8,EUR,2026-08-19 10:30:00
769,BKLZ4FPKAI,81,activity,confirmed,,,,,12,2026-10-03,2026-10-03,,2,22.4,EUR,2026-07-02 15:45:00
770,BKTIM851Z4,78,hotel_room,completed,25,1761,,,,2026-12-22,2026-12-26,,1,103.4,EUR,2026-10-22 19:00:00
771,BKBPNCXEB5,38,hotel_room,cancelled,18,1300,,,,2027-01-03,2027-01-08,,2,796.5,EUR,2026-12-11 16:00:00
772,BK51O9ULO9,169,hotel_room,confirmed,15,1044,,,,2026-11-28,2026-11-30,,2,241.7,EUR,2026-08-16 13:15:00
773,BK917B4CRL,167,hotel_room,cancelled,18,1258,,,,2027-03-23,2027-03-27,,1,637.2,EUR,2026-12-27 12:45:00
774,BKEF1LFMUP,80,activity,confirmed,,,,,6,2027-04-20,2027-04-20,,5,231.4,EUR,2027-02-12 18:15:00
775,BKSZMW3Y60,181,restaurant_table,confirmed,,,24,298,,2026-11-28,2026-11-28,13:00,2,31.87,EUR,2026-10-11 07:30:00
776,BKQ9RWRKKX,150,activity,pending,,,,,3,2027-03-16,2027-03-16,,4,96.56,EUR,2027-02-02 18:00:00
777,BKSG0NWHGB,153,hotel_room,completed,4,270,,,,2027-03-29,2027-04-02,,2,510.12,EUR,2027-01-09 09:30:00
778,BKQE5P5JJP,67,hotel_room,completed,10,714,,,,2027-04-09,2027-04-13,,4,1210.96,EUR,2027-04-07 17:00:00
779,BKN8HI7F2E,135,hotel_room,completed,23,1701,,,,2027-04-04,2027-04-08,,2,170.08,EUR,2027-01-03 13:15:00
780,BKEK2U1P5N,19,restaurant_table,completed,,,21,262,,2026-11-30,2026-11-30,22:00,4,64.37,EUR,2026-08-09 11:00:00
781,BKPD1VQBBP,137,hotel_room,no_show,20,1444,,,,2026-11-01,2026-11-06,,1,862.8,EUR,2026-08-28 19:15:00
782,BKTEQB8F2C,35,hotel_room,completed,1,32,,,,2026-12-05,2026-12-08,,1,238.65,EUR,2026-11-18 09:15:00
783,BK4ANIBRMT,171,restaurant_table,confirmed,,,14,157,,2026-12-18,2026-12-18,20:30,2,33.51,EUR,2026-09-11 09:30:00
784,BKZAEASHMH,61,hotel_room,completed,7,500,,,,2026-09-12,2026-09-15,,2,157.47,EUR,2026-05-31 07:30:00
785,BKIOW13IF5,97,hotel_room,confirmed,11,805,,,,2027-03-10,2027-03-14,,2,459.44,EUR,2026-12-07 22:15:00
786,BK142XEN64,119,restaurant_table,confirmed,,,3,23,,2027-01-12,2027-01-12,21:00,1,32.94,EUR,2026-10-12 21:45:00
787,BKR64OCRXH,151,restaurant_table,cancelled,,,5,36,,2027-02-03,2027-02-03,20:00,1,15.69,EUR,2026-10-23 12:00:00
788,BKRH89B5ZT,187,hotel_room,cancelled,11,791,,,,2027-03-26,2027-03-29,,1,137.1,EUR,2026-12-14 21:15:00
789,BKZICXRTMP,150,restaurant_table,completed,,,8,73,,2026-11-29,2026-11-29,21:30,7,205.39,EUR,2026-11-15 17:15:00
790,BKID3EWM39,169,hotel_room,completed,3,240,,,,2026-12-15,2026-12-17,,1,1418.52,EUR,2026-08-22 21:00:00
791,BKRSC27033,179,hotel_room,cancelled,2,116,,,,2026-12-01,2026-12-03,,3,361.28,EUR,2026-08-26 14:30:00
792,BKCC3IARBT,127,activity,completed,,,,,14,2027-01-13,2027-01-13,,2,76.62,EUR,2026-12-22 11:00:00
793,BKGBT9104F,134,restaurant_table,confirmed,,,3,13,,2027-03-20,2027-03-20,13:30,3,79.53,EUR,2026-12-21 07:30:00
794,BK904FHBH6,119,hotel_room,confirmed,9,639,,,,2026-12-20,2026-12-25,,1,955.25,EUR,2026-10-17 08:30:00
795,BKPITY174Q,154,hotel_room,cancelled,1,30,,,,2027-03-18,2027-03-21,,1,444.42,EUR,2027-02-17 07:45:00
796,BK326JQZKS,120,restaurant_table,confirmed,,,22,273,,2027-03-13,2027-03-13,13:30,4,213.18,EUR,2027-02-11 23:00:00
797,BKPFQWYXG6,32,hotel_room,completed,17,1194,,,,2026-10-20,2026-10-27,,2,257.74,EUR,2026-09-13 14:15:00
798,BK3RMJWY4S,8,hotel_room,pending,12,845,,,,2026-09-21,2026-09-27,,1,172.38,EUR,2026-08-20 15:15:00
799,BKHEVQGEHB,164,activity,confirmed,,,,,13,2027-03-20,2027-03-20,,2,21.7,EUR,2027-03-08 11:15:00
800,BKXILETQK1,113,hotel_room,cancelled,13,852,,,,2027-01-04,2027-01-06,,3,305.4,EUR,2026-12-08 08:00:00
801,BKUTRJ0F8R,85,restaurant_table,pending,,,8,81,,2027-03-28,2027-03-28,13:30,1,31.08,EUR,2026-12-11 20:00:00
802,BK8GRTCLMI,50,hotel_room,confirmed,15,1067,,,,2027-01-16,2027-01-20,,1,483.4,EUR,2026-10-25 18:00:00
803,BK67BVB5UC,128,hotel_room,completed,12,844,,,,2026-09-15,2026-09-18,,1,99.39,EUR,2026-06-26 17:15:00
804,BKLR4554QS,200,restaurant_table,completed,,,17,195,,2027-01-28,2027-01-28,21:00,2,62.46,EUR,2026-10-03 11:30:00
805,BKT1SDD1AY,146,activity,confirmed,,,,,10,2026-12-09,2026-12-09,,1,8.67,EUR,2026-09-24 14:00:00
806,BKSYBGIHBQ,7,restaurant_table,confirmed,,,17,197,,2026-12-09,2026-12-09,14:00,2,52.98,EUR,2026-10-10 14:30:00
807,BKDOJQ3B2J,102,hotel_room,confirmed,12,823,,,,2027-03-27,2027-03-28,,2,33.13,EUR,2027-03-21 09:45:00
808,BKZDNIXDOT,64,activity,cancelled,,,,,6,2027-02-19,2027-02-19,,5,231.4,EUR,2027-01-12 13:00:00
809,BKP1F5Q0QV,79,restaurant_table,completed,,,20,252,,2027-04-28,2027-04-28,20:00,3,53.06,EUR,2027-02-28 18:15:00
810,BK5SJ2G7OI,38,restaurant_table,confirmed,,,24,308,,2027-03-02,2027-03-02,20:30,5,86.28,EUR,2026-11-29 13:00:00
811,BKYG30RBRC,72,activity,completed,,,,,5,2027-04-19,2027-04-19,,4,39.8,EUR,2027-02-27 11:45:00
812,BKHBWAII8K,10,restaurant_table,confirmed,,,13,150,,2027-02-17,2027-02-17,14:00,2,79.9,EUR,2027-01-18 23:00:00
813,BK054RLNNU,179,hotel_room,completed,21,1541,,,,2026-12-01,2026-12-03,,1,136.9,EUR,2026-08-31 11:45:00
814,BK7N0LFWHC,4,hotel_room,confirmed,25,1759,,,,2027-03-29,2027-03-30,,1,25.85,EUR,2026-12-18 11:45:00
815,BKYVN5EXW4,64,hotel_room,cancelled,1,63,,,,2026-11-05,2026-11-07,,1,185.86,EUR,2026-08-07 23:45:00
816,BKBXD4NO32,59,hotel_room,confirmed,1,46,,,,2026-10-17,2026-10-20,,1,278.79,EUR,2026-10-08 21:15:00
817,BKXB7J08BA,156,hotel_room,confirmed,5,374,,,,2026-11-10,2026-11-17,,1,827.33,EUR,2026-11-03 12:45:00
818,BK7RWLPU0C,34,hotel_room,confirmed,5,336,,,,2026-09-08,2026-09-11,,3,479.73,EUR,2026-05-19 12:00:00
819,BKMKMA978D,112,hotel_room,pending,3,195,,,,2027-04-17,2027-04-22,,2,1457.6,EUR,2027-03-01 21:00:00
820,BKOBD26815,167,activity,confirmed,,,,,15,2027-02-02,2027-02-02,,2,20.76,EUR,2027-01-11 15:00:00
821,BKTVCS2LPZ,106,hotel_room,confirmed,23,1701,,,,2026-11-23,2026-11-27,,2,170.08,EUR,2026-11-22 17:00:00
822,BKTO9RUCQZ,38,restaurant_table,completed,,,22,276,,2026-10-03,2026-10-03,14:30,1,40.4,EUR,2026-08-27 11:00:00
823,BK1Y2QC299,173,hotel_room,confirmed,13,884,,,,2027-02-17,2027-02-20,,2,398.28,EUR,2027-01-22 16:00:00
824,BK2REFDZ13,165,activity,completed,,,,,7,2027-01-23,2027-01-23,,2,83.78,EUR,2026-09-30 18:30:00
825,BK34DEKRNH,111,hotel_room,confirmed,14,991,,,,2027-02-07,2027-02-12,,1,1697.2,EUR,2026-11-20 17:15:00
826,BKR2ASC4MY,89,restaurant_table,confirmed,,,12,144,,2027-02-19,2027-02-19,20:30,1,25.3,EUR,2026-10-22 21:00:00
827,BKK4NV5HJX,100,hotel_room,completed,17,1215,,,,2026-10-16,2026-10-22,,2,302.7,EUR,2026-09-28 08:15:00
828,BK6WHXOJTL,88,activity,pending,,,,,3,2026-09-19,2026-09-19,,3,72.42,EUR,2026-06-11 17:45:00
829,BK8N0CNBMR,19,restaurant_table,completed,,,13,145,,2026-09-02,2026-09-02,20:30,5,267.31,EUR,2026-05-12 17:45:00
830,BK5C1CB5RY,26,restaurant_table,completed,,,8,82,,2026-11-26,2026-11-26,20:30,1,29.14,EUR,2026-08-07 21:00:00
831,BKSMY92FYP,129,restaurant_table,confirmed,,,26,327,,2026-11-03,2026-11-03,21:30,2,51.02,EUR,2026-08-01 22:30:00
832,BK5TAUQX61,110,activity,confirmed,,,,,8,2026-12-21,2026-12-21,,3,120.81,EUR,2026-12-10 18:45:00
833,BKQG664L0N,182,hotel_room,confirmed,5,351,,,,2026-11-18,2026-11-21,,3,479.73,EUR,2026-07-28 14:00:00
834,BKHUBA3HNI,170,hotel_room,confirmed,19,1337,,,,2026-10-23,2026-10-27,,1,377.32,EUR,2026-07-12 23:15:00
835,BKXRH3YYAS,81,restaurant_table,confirmed,,,10,105,,2027-01-09,2027-01-09,14:00,3,93.43,EUR,2026-09-12 22:00:00
836,BK2ZX41YZQ,124,hotel_room,confirmed,19,1344,,,,2026-12-12,2026-12-13,,3,113.23,EUR,2026-10-16 19:45:00
837,BK1TVULE5X,16,activity,cancelled,,,,,1,2027-01-22,2027-01-22,,2,76.16,EUR,2026-09-25 17:15:00
838,BK3XTRJKA1,20,hotel_room,confirmed,20,1486,,,,2027-01-11,2027-01-14,,2,517.68,EUR,2026-11-07 22:15:00
839,BKRCDY4IT0,111,restaurant_table,confirmed,,,18,220,,2027-02-25,2027-02-25,13:00,2,63.32,EUR,2026-11-30 14:45:00
840,BKPBFGH6QB,103,hotel_room,confirmed,2,103,,,,2026-10-12,2026-10-14,,2,182.28,EUR,2026-08-03 13:15:00
841,BKVERM03QW,117,hotel_room,confirmed,17,1221,,,,2026-11-21,2026-11-23,,3,58.44,EUR,2026-09-09 19:00:00
842,BKVWZ11PN8,183,restaurant_table,cancelled,,,17,199,,2026-11-21,2026-11-21,13:00,2,57.04,EUR,2026-09-23 09:15:00
843,BKHH1IQ1T4,108,restaurant_table,confirmed,,,12,142,,2026-12-21,2026-12-21,20:30,7,229.2,EUR,2026-09-24 19:00:00
844,BKH53M14DF,2,restaurant_table,confirmed,,,6,50,,2026-12-10,2026-12-10,21:00,4,120.24,EUR,2026-11-22 20:30:00
845,BKM83KGIHX,164,hotel_room,completed,16,1126,,,,2027-03-21,2027-03-23,,3,365.46,EUR,2026-12-24 11:00:00
846,BK0LJCGZV1,105,hotel_room,confirmed,2,153,,,,2026-11-10,2026-11-13,,2,541.92,EUR,2026-07-27 16:30:00
847,BKRAPD5UU7,73,hotel_room,confirmed,8,617,,,,2026-09-10,2026-09-14,,2,623.48,EUR,2026-07-30 14:00:00
848,BK5RXANPL6,14,hotel_room,confirmed,9,687,,,,2026-10-11,2026-10-17,,2,1146.3,EUR,2026-09-16 18:00:00
849,BKTMFBA34G,172,activity,pending,,,,,11,2027-04-14,2027-04-14,,1,8.29,EUR,2027-03-11 15:00:00
850,BK1WVQ2ZE2,33,restaurant_table,confirmed,,,8,80,,2027-02-27,2027-02-27,21:00,3,96.43,EUR,2026-12-06 14:45:00
851,BKLY01GVPN,198,hotel_room,completed,16,1145,,,,2026-11-26,2026-11-29,,2,486.42,EUR,2026-10-20 21:00:00
852,BKQOPD1K48,157,restaurant_table,pending,,,28,356,,2027-02-03,2027-02-03,14:00,1,23.95,EUR,2027-01-26 10:15:00
853,BKCO2HHJ2W,154,restaurant_table,confirmed,,,11,128,,2026-10-17,2026-10-17,21:30,3,50.62,EUR,2026-09-19 09:15:00
854,BKLLCZUFCA,184,hotel_room,pending,23,1693,,,,2026-09-23,2026-09-25,,2,85.04,EUR,2026-06-20 09:45:00
855,BKK0FQJKAD,119,hotel_room,confirmed,9,642,,,,2026-12-10,2026-12-16,,2,909.72,EUR,2026-11-02 15:15:00
856,BK4GDNM8XN,11,restaurant_table,completed,,,6,54,,2026-12-11,2026-12-11,21:00,3,84.29,EUR,2026-10-07 21:30:00
857,BK42VSZX90,31,hotel_room,confirmed,19,1320,,,,2027-04-19,2027-04-23,,1,478.56,EUR,2027-04-01 17:45:00
858,BKYW07SEVS,192,hotel_room,cancelled,18,1276,,,,2026-11-01,2026-11-07,,3,1167.24,EUR,2026-10-03 12:30:00
859,BKG5ZYWX0U,106,hotel_room,confirmed,7,516,,,,2026-10-01,2026-10-03,,2,111.4,EUR,2026-06-26 09:30:00
860,BKFAKLIUFQ,87,hotel_room,completed,21,1537,,,,2026-11-20,2026-11-22,,3,323.74,EUR,2026-09-14 15:15:00
861,BKSJ1TNDL4,12,hotel_room,confirmed,19,1396,,,,2026-12-26,2026-12-31,,4,566.15,EUR,2026-12-20 15:00:00
862,BKMJKXCFTZ,35,restaurant_table,confirmed,,,8,85,,2026-10-10,2026-10-10,13:30,5,146.72,EUR,2026-07-20 11:30:00
863,BK838NS5Z3,176,restaurant_table,confirmed,,,1,2,,2027-03-26,2027-03-26,14:30,3,152.43,EUR,2027-02-11 13:00:00
864,BK706KWB7U,86,restaurant_table,completed,,,2,11,,2027-01-08,2027-01-08,13:30,1,32.81,EUR,2026-10-12 16:15:00
865,BKU2K5PT08,184,restaurant_table,completed,,,11,132,,2026-12-19,2026-12-19,13:30,2,28.56,EUR,2026-11-30 13:15:00
866,BK0ZGCWGTY,23,restaurant_table,cancelled,,,6,54,,2026-09-15,2026-09-15,21:00,3,93.44,EUR,2026-08-13 15:45:00
867,BKRQQBPXF7,110,restaurant_table,confirmed,,,13,153,,2026-12-11,2026-12-11,13:30,2,105.17,EUR,2026-10-05 22:15:00
868,BKZMR40EIN,127,restaurant_table,confirmed,,,11,125,,2027-03-24,2027-03-24,13:30,2,34.43,EUR,2027-01-13 07:00:00
869,BKKKBEYNG6,196,activity,confirmed,,,,,10,2027-03-20,2027-03-20,,5,43.35,EUR,2026-12-31 07:00:00
870,BKESA9LFK5,12,hotel_room,completed,1,1,,,,2026-09-26,2026-09-28,,3,159.1,EUR,2026-08-25 19:15:00
871,BKG35UZAAA,177,hotel_room,confirmed,4,299,,,,2027-01-02,2027-01-04,,3,255.06,EUR,2026-11-18 07:15:00
872,BK7PQN64HX,19,hotel_room,completed,11,797,,,,2027-04-15,2027-04-18,,1,137.1,EUR,2027-03-23 16:30:00
873,BKI4J8LCQD,12,hotel_room,pending,24,1737,,,,2026-09-30,2026-10-02,,2,134.42,EUR,2026-06-30 21:00:00
874,BKHLNKHYAB,96,restaurant_table,confirmed,,,22,278,,2027-03-04,2027-03-04,20:00,6,329.59,EUR,2026-11-30 13:30:00
875,BKL2YKXJCK,23,activity,pending,,,,,14,2027-03-01,2027-03-01,,3,114.93,EUR,2027-01-30 11:30:00
876,BKY5BGFZ26,29,hotel_room,confirmed,4,300,,,,2026-12-29,2027-01-03,,3,637.65,EUR,2026-09-04 13:15:00
877,BKM6ZQK12O,200,hotel_room,pending,14,1013,,,,2026-12-15,2026-12-19,,1,2314.6,EUR,2026-11-04 10:30:00
878,BKME7REDVB,115,hotel_room,confirmed,6,393,,,,2027-01-02,2027-01-04,,3,189.06,EUR,2026-10-07 07:30:00
879,BK2DO56Q12,157,hotel_room,confirmed,11,744,,,,2027-01-14,2027-01-16,,2,229.72,EUR,2026-12-07 20:45:00
880,BK6OUUAF5K,114,hotel_room,confirmed,24,1706,,,,2026-09-07,2026-09-09,,3,123.38,EUR,2026-07-31 08:30:00
881,BKAXGFKEMQ,8,hotel_room,confirmed,21,1561,,,,2027-03-05,2027-03-09,,2,583.68,EUR,2027-02-17 14:15:00
882,BKZUEE4R4E,185,hotel_room,confirmed,7,523,,,,2027-01-15,2027-01-18,,2,157.47,EUR,2026-12-23 16:00:00
883,BKFKQD2BTT,140,hotel_room,completed,2,122,,,,2027-03-27,2027-03-30,,2,156.39,EUR,2027-01-14 19:15:00
884,BK05Z320EV,34,restaurant_table,completed,,,8,87,,2027-02-16,2027-02-16,20:00,4,115.47,EUR,2027-02-03 15:30:00
885,BK43CIJN9A,65,hotel_room,confirmed,13,945,,,,2027-01-24,2027-01-29,,1,498.65,EUR,2026-12-15 17:00:00
886,BKMJDWL8R7,145,restaurant_table,confirmed,,,12,137,,2026-11-18,2026-11-18,14:30,4,128.75,EUR,2026-08-25 11:30:00
887,BKV4BKQBP6,103,restaurant_table,confirmed,,,26,327,,2026-12-02,2026-12-02,21:00,1,33.12,EUR,2026-08-11 13:15:00
888,BKZWIPE990,170,restaurant_table,confirmed,,,7,67,,2027-02-03,2027-02-03,21:00,1,51.4,EUR,2026-11-23 14:30:00
889,BKKDG01MPR,200,hotel_room,completed,6,407,,,,2027-04-10,2027-04-11,,1,94.53,EUR,2026-12-16 07:45:00
890,BK0NZK790L,56,hotel_room,cancelled,9,674,,,,2027-04-13,2027-04-16,,2,573.15,EUR,2027-03-11 17:15:00
891,BKRSJFEG3V,68,hotel_room,completed,15,1031,,,,2026-12-02,2026-12-05,,1,308.64,EUR,2026-08-10 16:15:00
892,BKKF98TLTY,61,activity,no_show,,,,,5,2026-11-15,2026-11-15,,4,39.8,EUR,2026-10-03 22:30:00
893,BKYSL62LQ2,187,restaurant_table,completed,,,29,369,,2026-09-20,2026-09-20,13:30,8,115.58,EUR,2026-06-29 12:30:00
894,BKHQXE7OR4,146,hotel_room,completed,7,537,,,,2027-03-27,2027-04-01,,1,262.45,EUR,2027-03-19 21:30:00
895,BKIQZTP48Y,44,hotel_room,completed,22,1594,,,,2027-03-28,2027-04-05,,4,2758.4,EUR,2027-03-18 07:00:00
896,BKYHBY0P2T,156,hotel_room,cancelled,24,1709,,,,2027-03-29,2027-04-03,,1,227.95,EUR,2027-03-27 20:45:00
897,BKFWAGGKUA,36,hotel_room,pending,5,322,,,,2027-02-27,2027-03-02,,5,479.73,EUR,2027-02-17 15:45:00
898,BKIHLD9ZFQ,192,restaurant_table,no_show,,,7,57,,2026-12-16,2026-12-16,13:00,2,83.99,EUR,2026-11-24 20:15:00
899,BKKCDESFRR,35,restaurant_table,completed,,,18,218,,2026-10-07,2026-10-07,14:30,2,63.04,EUR,2026-08-10 23:30:00
900,BKR3U41N56,44,hotel_room,confirmed,1,61,,,,2026-11-03,2026-11-06,,3,278.79,EUR,2026-10-12 23:30:00
