room_id,hotel_id,room_type_id,room_number,floor,status,notes
1,1,3,301,3,available,
2,1,3,202,2,cleaning,
3,1,1,103,1,blocked,Blocked by management
4,1,3,204,2,maintenance,Air conditioning fault
5,1,2,105,1,available,
6,1,2,106,1,available,
7,1,3,207,2,maintenance,Painting in progress
8,1,2,108,1,available,
9,1,2,109,1,available,
10,1,1,210,2,available,
11,1,1,111,1,available,
12,1,3,112,1,available,
13,1,2,213,2,cleaning,
14,1,2,114,1,available,
15,1,2,115,1,available,
16,1,3,316,3,available,
17,1,3,117,1,blocked,Blocked due to a security issue
18,1,2,218,2,available,
19,1,2,219,2,cleaning,
20,1,3,220,2,available,
21,1,1,101,1,available,
22,1,1,102,1,cleaning,
23,1,2,103,1,maintenance,Painting in progress
24,1,3,204,2,occupied,
25,1,1,105,1,available,
26,1,3,106,1,available,
27,1,3,107,1,occupied,
28,1,1,308,3,cleaning,
29,1,2,209,2,cleaning,
30,1,1,110,1,available,
31,1,2,311,3,occupied,
32,1,3,112,1,occupied,
33,1,2,313,3,available,
34,1,3,114,1,cleaning,
35,1,2,315,3,available,
36,1,2,116,1,available,
37,1,1,317,3,available,
38,1,3,218,2,available,
39,1,3,119,1,maintenance,Pending plumbing inspection
40,1,3,120,1,cleaning,
41,1,2,101,1,available,
42,1,3,302,3,cleaning,
43,1,1,303,3,cleaning,
44,1,1,204,2,occupied,
45,1,3,205,2,available,
46,1,2,206,2,available,
47,1,1,307,3,cleaning,
48,1,3,208,2,available,
49,1,1,309,3,blocked,Blocked due to a security issue
50,1,3,210,2,available,
51,1,3,111,1,available,
52,1,3,312,3,available,
53,1,1,313,3,available,
54,1,3,314,3,available,
55,1,3,115,1,available,
56,1,2,316,3,available,
57,1,3,117,1,cleaning,
58,1,1,218,2,occupied,
59,1,1,219,2,blocked,Blocked by management
60,1,3,120,1,maintenance,Pending plumbing inspection
61,1,2,101,1,available,
62,1,1,302,3,available,
63,1,2,103,1,occupied,
64,1,1,204,2,available,
65,1,2,105,1,cleaning,
66,1,2,206,2,available,
67,1,2,107,1,maintenance,Bathroom renovation in progress
68,1,1,208,2,available,
69,1,1,209,2,available,
70,1,2,110,1,available,
71,1,1,211,2,available,
72,2,4,301,3,available,
73,2,7,602,6,available,
74,2,5,503,5,cleaning,
75,2,5,104,1,available,
76,2,5,205,2,available,
77,2,6,606,6,available,
78,2,5,107,1,available,
79,2,7,208,2,available,
80,2,4,409,4,available,
81,2,7,210,2,available,
82,2,5,211,2,available,
83,2,4,412,4,cleaning,
84,2,6,413,4,available,
85,2,6,114,1,available,
86,2,7,215,2,available,
87,2,7,316,3,available,
88,2,4,317,3,available,
89,2,6,218,2,cleaning,
90,2,4,219,2,occupied,
91,2,4,120,1,occupied,
92,2,7,501,5,available,
93,2,4,402,4,maintenance,Painting in progress
94,2,7,503,5,cleaning,
95,2,7,304,3,available,
96,2,4,505,5,available,
97,2,5,106,1,cleaning,
98,2,7,207,2,cleaning,
99,2,5,208,2,maintenance,Bathroom renovation in progress
100,2,4,409,4,available,
101,2,7,210,2,blocked,Blocked due to a security issue
102,2,5,511,5,available,
103,2,4,112,1,available,
104,2,7,513,5,available,
105,2,6,514,5,available,
106,2,4,615,6,available,
107,2,7,116,1,available,
108,2,5,517,5,available,
109,2,4,118,1,available,
110,2,4,319,3,cleaning,
111,2,6,420,4,available,
112,2,7,501,5,available,
113,2,4,202,2,available,
114,2,5,503,5,available,
115,2,7,104,1,available,
116,2,6,605,6,available,
117,2,7,306,3,cleaning,
118,2,4,307,3,maintenance,Pending plumbing inspection
119,2,6,308,3,cleaning,
120,2,4,209,2,available,
121,2,7,310,3,available,
122,2,7,511,5,available,
123,2,5,412,4,available,
124,2,7,613,6,available,
125,2,6,114,1,available,
126,2,5,115,1,available,
127,2,7,216,2,maintenance,Air conditioning fault
128,2,5,217,2,cleaning,
129,2,5,118,1,available,
130,2,7,119,1,cleaning,
131,2,5,320,3,available,
132,2,7,501,5,available,
133,2,4,602,6,available,
134,2,6,403,4,available,
135,2,5,404,4,available,
136,2,6,305,3,available,
137,2,6,606,6,cleaning,
138,2,4,307,3,available,
139,2,4,208,2,cleaning,
140,2,5,209,2,available,
141,2,5,310,3,occupied,
142,2,4,611,6,available,
143,2,5,612,6,available,
144,2,4,213,2,available,
145,2,6,614,6,blocked,Blocked due to a security issue
146,2,6,415,4,cleaning,
147,2,6,416,4,available,
148,2,7,317,3,occupied,
149,2,7,518,5,available,
150,2,6,519,5,available,
151,2,6,320,3,occupied,
152,2,7,101,1,available,
153,2,6,602,6,available,
154,3,10,301,3,available,
155,3,10,702,7,available,
156,3,8,703,7,cleaning,
157,3,10,404,4,occupied,
158,3,10,205,2,occupied,
159,3,10,406,4,blocked,Reserved for internal use
160,3,9,407,4,available,
161,3,8,508,5,occupied,
162,3,10,709,7,available,
163,3,10,610,6,available,
164,3,10,611,6,maintenance,Pending plumbing inspection
165,3,10,312,3,cleaning,
166,3,10,513,5,available,
167,3,8,414,4,available,
168,3,9,615,6,maintenance,Bathroom renovation in progress
169,3,10,316,3,occupied,
170,3,8,317,3,available,
171,3,9,418,4,maintenance,Pending plumbing inspection
172,3,9,319,3,available,
173,3,9,720,7,available,
174,3,8,701,7,available,
175,3,10,502,5,available,
176,3,8,503,5,available,
177,3,10,404,4,available,
178,3,9,105,1,cleaning,
179,3,8,206,2,blocked,Reserved for internal use
180,3,9,507,5,cleaning,
181,3,9,208,2,available,
182,3,10,209,2,maintenance,Painting in progress
183,3,9,610,6,blocked,Reserved for internal use
184,3,10,111,1,available,
185,3,9,212,2,occupied,
186,3,8,513,5,occupied,
187,3,9,714,7,occupied,
188,3,8,215,2,available,
189,3,10,416,4,available,
190,3,9,417,4,available,
191,3,10,218,2,occupied,
192,3,8,319,3,occupied,
193,3,10,220,2,available,
194,3,8,601,6,occupied,
195,3,8,602,6,cleaning,
196,3,9,203,2,available,
197,3,10,504,5,available,
198,3,8,705,7,available,
199,3,9,406,4,occupied,
200,3,10,507,5,available,
201,3,10,208,2,available,
202,3,9,309,3,occupied,
203,3,8,710,7,available,
204,3,8,211,2,occupied,
205,3,8,212,2,occupied,
206,3,10,513,5,available,
207,3,9,614,6,occupied,
208,3,8,415,4,cleaning,
209,3,9,716,7,available,
210,3,8,517,5,blocked,Blocked due to a security issue
211,3,8,618,6,cleaning,
212,3,8,619,6,available,
213,3,9,420,4,available,
214,3,9,401,4,occupied,
215,3,8,602,6,occupied,
216,3,8,303,3,available,
217,3,8,604,6,available,
218,3,10,505,5,occupied,
219,3,9,706,7,cleaning,
220,3,10,607,6,available,
221,3,9,108,1,maintenance,Painting in progress
222,3,8,509,5,available,
223,3,9,710,7,available,
224,3,8,311,3,occupied,
225,3,9,212,2,available,
226,3,9,213,2,occupied,
227,3,9,314,3,available,
228,3,8,615,6,available,
229,3,8,716,7,available,
230,3,9,217,2,cleaning,
231,3,10,118,1,occupied,
232,3,8,319,3,available,
233,3,9,320,3,available,
234,3,8,101,1,maintenance,Air conditioning fault
235,3,9,302,3,maintenance,Pending plumbing inspection
236,3,9,603,6,available,
237,3,8,104,1,cleaning,
238,3,10,605,6,available,
239,3,9,406,4,blocked,Reserved for internal use
240,3,10,107,1,available,
241,3,9,208,2,available,
242,3,9,409,4,available,
243,3,9,610,6,cleaning,
244,3,9,611,6,cleaning,
245,4,11,201,2,available,
246,4,12,502,5,occupied,
247,4,11,503,5,available,
248,4,12,504,5,available,
249,4,11,405,4,cleaning,
250,4,11,406,4,available,
251,4,11,307,3,occupied,
252,4,11,508,5,occupied,
253,4,11,309,3,available,
254,4,11,410,4,occupied,
255,4,11,411,4,available,
256,4,12,212,2,cleaning,
257,4,11,113,1,available,
258,4,11,514,5,cleaning,
259,4,12,215,2,available,
260,4,12,316,3,available,
261,4,12,117,1,available,
262,4,12,418,4,maintenance,Air conditioning fault
263,4,12,419,4,maintenance,Painting in progress
264,4,11,420,4,available,
265,4,11,401,4,occupied,
266,4,11,102,1,available,
267,4,11,503,5,available,
268,4,11,504,5,blocked,Blocked due to a security issue
269,4,12,505,5,available,
270,4,12,306,3,available,
271,4,11,207,2,cleaning,
272,4,12,508,5,occupied,
273,4,12,309,3,occupied,
274,4,11,110,1,occupied,
275,4,11,111,1,available,
276,4,12,512,5,available,
277,4,11,113,1,cleaning,
278,4,12,214,2,maintenance,Painting in progress
279,4,11,315,3,available,
280,4,11,116,1,cleaning,
281,4,12,217,2,available,
282,4,11,318,3,available,
283,4,12,119,1,cleaning,
284,4,11,420,4,available,
285,4,11,401,4,available,
286,4,11,502,5,cleaning,
287,4,12,503,5,maintenance,Bathroom renovation in progress
288,4,11,204,2,available,
289,4,12,505,5,cleaning,
290,4,12,506,5,cleaning,
291,4,11,307,3,available,
292,4,12,308,3,available,
293,4,11,209,2,available,
294,4,12,510,5,cleaning,
295,4,11,211,2,available,
296,4,12,312,3,cleaning,
297,4,11,213,2,available,
298,4,12,114,1,occupied,
299,4,12,515,5,available,
300,4,12,516,5,available,
301,4,12,117,1,available,
302,4,11,418,4,available,
303,4,11,219,2,available,
304,4,11,320,3,occupied,
305,4,11,101,1,occupied,
306,4,12,202,2,occupied,
307,4,11,303,3,maintenance,Air conditioning fault
308,4,11,504,5,available,
309,4,12,105,1,cleaning,
310,4,12,406,4,blocked,Blocked due to a security issue
311,4,12,507,5,available,
312,4,12,208,2,available,
313,4,12,209,2,cleaning,
314,5,15,301,3,occupied,
315,5,13,302,3,blocked,Reserved for internal use
316,5,14,103,1,blocked,Blocked by management
317,5,13,104,1,occupied,
318,5,13,205,2,available,
319,5,14,306,3,available,
320,5,13,307,3,cleaning,
321,5,13,208,2,available,
322,5,13,109,1,available,
323,5,14,310,3,available,
324,5,15,311,3,cleaning,
325,5,14,212,2,maintenance,Pending plumbing inspection
326,5,13,313,3,available,
327,5,13,114,1,available,
328,5,15,115,1,available,
329,5,15,216,2,available,
330,5,13,117,1,occupied,
331,5,14,218,2,available,
332,5,15,319,3,available,
333,5,15,320,3,available,
334,5,15,201,2,available,
335,5,15,302,3,cleaning,
336,5,13,103,1,occupied,
337,5,14,204,2,cleaning,
338,5,13,205,2,available,
339,5,15,206,2,available,
340,5,15,207,2,available,
341,5,15,208,2,available,
342,5,14,309,3,available,
343,5,15,110,1,cleaning,
344,5,13,311,3,available,
345,5,15,112,1,available,
346,5,15,113,1,cleaning,
347,5,14,114,1,available,
348,5,15,315,3,maintenance,Air conditioning fault
349,5,15,316,3,available,
350,5,14,317,3,available,
351,5,13,118,1,available,
352,5,14,319,3,available,
353,5,13,220,2,available,
354,5,14,301,3,available,
355,5,14,102,1,available,
356,5,13,303,3,available,
357,5,15,304,3,available,
358,5,15,305,3,available,
359,5,13,206,2,cleaning,
360,5,13,207,2,maintenance,Pending plumbing inspection
361,5,15,108,1,available,
362,5,14,209,2,available,
363,5,15,110,1,available,
364,5,15,111,1,available,
365,5,14,312,3,available,
366,5,15,113,1,available,
367,5,15,314,3,available,
368,5,13,315,3,cleaning,
369,5,13,116,1,available,
370,5,15,317,3,available,
371,5,15,118,1,available,
372,5,15,319,3,cleaning,
373,5,14,120,1,available,
374,5,15,301,3,available,
375,5,13,102,1,available,
376,5,14,103,1,available,
377,5,15,304,3,cleaning,
378,5,15,205,2,available,
379,5,13,206,2,occupied,
380,5,14,107,1,available,
381,5,15,208,2,blocked,Reserved for internal use
382,5,13,309,3,occupied,
383,5,13,210,2,available,
384,5,13,211,2,available,
385,5,14,312,3,occupied,
386,5,15,313,3,available,
387,5,15,214,2,maintenance,Painting in progress
388,6,16,601,6,occupied,
389,6,17,302,3,cleaning,
390,6,16,603,6,occupied,
391,6,17,404,4,available,
392,6,17,405,4,available,
393,6,16,606,6,available,
394,6,17,207,2,cleaning,
395,6,16,308,3,occupied,
396,6,16,609,6,available,
397,6,16,510,5,available,
398,6,17,511,5,available,
399,6,16,512,5,available,
400,6,17,613,6,maintenance,Pending plumbing inspection
401,6,17,214,2,cleaning,
402,6,17,215,2,available,
403,6,16,416,4,available,
404,6,16,617,6,available,
405,6,16,518,5,available,
406,6,16,219,2,available,
407,6,16,620,6,occupied,
408,6,17,101,1,available,
409,6,17,202,2,available,
410,6,17,203,2,available,
411,6,16,504,5,cleaning,
412,6,17,405,4,available,
413,6,17,106,1,available,
414,6,17,107,1,occupied,
415,6,17,608,6,available,
416,6,16,409,4,occupied,
417,6,17,510,5,occupied,
418,6,16,511,5,available,
419,6,16,512,5,available,
420,6,17,413,4,maintenance,Air conditioning fault
421,6,16,414,4,available,
422,6,16,515,5,available,
423,6,16,216,2,available,
424,6,17,517,5,occupied,
425,6,16,618,6,available,
426,6,17,619,6,available,
427,6,17,420,4,available,
428,6,16,601,6,cleaning,
429,6,16,202,2,available,
430,6,16,203,2,available,
431,6,16,504,5,available,
432,6,16,305,3,cleaning,
433,6,17,506,5,blocked,Blocked due to a security issue
434,6,16,607,6,occupied,
435,6,17,108,1,available,
436,6,17,409,4,available,
437,6,17,510,5,available,
438,6,16,511,5,occupied,
439,6,17,212,2,occupied,
440,6,17,413,4,available,
441,6,16,214,2,available,
442,6,16,115,1,available,
443,6,17,216,2,available,
444,6,16,417,4,cleaning,
445,6,16,518,5,available,
446,6,16,119,1,available,
447,6,16,520,5,available,
448,6,16,601,6,available,
449,6,17,302,3,cleaning,
450,6,17,203,2,cleaning,
451,6,17,404,4,available,
452,6,16,405,4,available,
453,6,17,206,2,cleaning,
454,6,16,307,3,available,
455,6,17,308,3,available,
456,6,16,509,5,available,
457,6,16,410,4,occupied,
458,6,17,411,4,available,
459,6,16,412,4,occupied,
460,6,17,313,3,cleaning,
461,6,17,514,5,available,
462,6,17,615,6,available,
463,6,16,416,4,available,
464,6,17,217,2,available,
465,6,17,318,3,blocked,Blocked due to a security issue
466,6,17,619,6,available,
467,6,16,620,6,available,
468,6,16,401,4,maintenance,Bathroom renovation in progress
469,6,16,202,2,available,
470,6,17,503,5,available,
471,6,16,204,2,available,
472,6,16,105,1,maintenance,Painting in progress
473,6,17,106,1,available,
474,7,18,401,4,cleaning,
475,7,21,502,5,occupied,
476,7,20,503,5,available,
477,7,19,404,4,available,
478,7,19,505,5,available,
479,7,18,506,5,available,
480,7,19,507,5,available,
481,7,18,308,3,available,
482,7,18,209,2,available,
483,7,20,410,4,available,
484,7,21,411,4,available,
485,7,18,112,1,cleaning,
486,7,20,513,5,cleaning,
487,7,20,314,3,blocked,Reserved for internal use
488,7,19,515,5,blocked,Reserved for internal use
489,7,21,516,5,available,
490,7,19,417,4,available,
491,7,18,518,5,available,
492,7,18,519,5,blocked,Blocked due to a security issue
493,7,20,420,4,blocked,Blocked due to a security issue
494,7,21,201,2,occupied,
495,7,21,402,4,cleaning,
496,7,18,403,4,available,
497,7,18,404,4,available,
498,7,19,205,2,maintenance,Painting in progress
499,7,20,506,5,available,
500,7,20,207,2,available,
501,7,21,308,3,available,
502,7,19,409,4,available,
503,7,19,510,5,available,
504,7,19,411,4,occupied,
505,7,19,212,2,cleaning,
506,7,19,213,2,available,
507,7,19,514,5,available,
508,7,18,115,1,cleaning,
509,7,21,516,5,available,
510,7,18,417,4,available,
511,7,20,418,4,cleaning,
512,7,20,419,4,available,
513,7,20,420,4,available,
514,7,19,101,1,available,
515,7,21,402,4,cleaning,
516,7,18,503,5,available,
517,7,19,404,4,blocked,Blocked due to a security issue
518,7,21,305,3,occupied,
519,7,18,206,2,available,
520,7,18,307,3,available,
521,7,20,208,2,available,
522,7,19,309,3,available,
523,7,20,310,3,available,
524,7,21,211,2,available,
525,7,20,312,3,cleaning,
526,7,20,413,4,available,
527,7,19,514,5,occupied,
528,7,18,315,3,maintenance,Painting in progress
529,7,21,216,2,available,
530,7,19,417,4,maintenance,Bathroom renovation in progress
531,7,21,418,4,available,
532,7,20,419,4,available,
533,7,18,420,4,available,
534,7,19,101,1,available,
535,7,20,402,4,cleaning,
536,7,18,403,4,occupied,
537,7,20,304,3,available,
538,7,20,305,3,available,
539,7,18,306,3,cleaning,
540,8,23,301,3,available,
541,8,25,402,4,cleaning,
542,8,25,503,5,available,
543,8,23,204,2,available,
544,8,24,405,4,available,
545,8,25,106,1,available,
546,8,24,207,2,available,
547,8,24,308,3,available,
548,8,25,309,3,cleaning,
549,8,24,510,5,available,
550,8,25,411,4,available,
551,8,22,212,2,occupied,
552,8,24,113,1,available,
553,8,25,114,1,available,
554,8,25,515,5,available,
555,8,25,516,5,occupied,
556,8,22,117,1,available,
557,8,23,118,1,occupied,
558,8,25,319,3,available,
559,8,24,420,4,available,
560,8,23,501,5,cleaning,
561,8,22,102,1,occupied,
562,8,24,403,4,available,
563,8,24,504,5,available,
564,8,23,505,5,available,
565,8,25,506,5,available,
566,8,24,307,3,available,
567,8,23,108,1,available,
568,8,24,409,4,available,
569,8,24,110,1,available,
570,8,23,311,3,available,
571,8,22,412,4,cleaning,
572,8,25,313,3,available,
573,8,25,314,3,available,
574,8,22,515,5,available,
575,8,25,516,5,available,
576,8,23,217,2,occupied,
577,8,25,418,4,available,
578,8,22,419,4,available,
579,8,24,320,3,available,
580,8,24,401,4,available,
581,8,22,202,2,available,
582,8,22,403,4,available,
583,8,24,504,5,available,
584,8,24,105,1,available,
585,8,22,206,2,blocked,Reserved for internal use
586,8,24,207,2,occupied,
587,8,22,208,2,available,
588,8,22,409,4,available,
589,8,25,310,3,maintenance,Painting in progress
590,8,24,411,4,occupied,
591,8,22,312,3,available,
592,8,23,113,1,available,
593,8,25,114,1,available,
594,8,23,215,2,cleaning,
595,8,24,416,4,maintenance,Air conditioning fault
596,8,23,417,4,maintenance,Painting in progress
597,8,23,118,1,available,
598,8,22,519,5,occupied,
599,8,23,420,4,available,
600,8,24,301,3,available,
601,8,22,502,5,available,
602,8,24,403,4,available,
603,8,23,304,3,cleaning,
604,8,23,105,1,available,
605,8,25,306,3,available,
606,8,24,507,5,available,
607,8,23,108,1,blocked,Blocked due to a security issue
608,8,25,509,5,available,
609,8,22,210,2,available,
610,8,22,511,5,available,
611,8,22,112,1,available,
612,8,23,513,5,maintenance,Bathroom renovation in progress
613,8,25,214,2,available,
614,8,24,415,4,occupied,
615,8,22,416,4,available,
616,8,23,317,3,cleaning,
617,8,25,418,4,available,
618,8,25,219,2,available,
619,8,24,320,3,occupied,
620,8,24,501,5,cleaning,
621,8,23,102,1,available,
622,8,25,303,3,maintenance,Pending plumbing inspection
623,8,25,104,1,maintenance,Painting in progress
624,8,23,105,1,available,
625,8,24,506,5,available,
626,8,22,507,5,maintenance,Bathroom renovation in progress
627,8,25,508,5,available,
628,8,24,309,3,available,
629,8,24,110,1,available,
630,9,26,201,2,cleaning,
631,9,26,102,1,available,
632,9,26,103,1,available,
633,9,27,404,4,available,
634,9,28,305,3,available,
635,9,26,106,1,available,
636,9,26,407,4,cleaning,
637,9,26,408,4,maintenance,Air conditioning fault
638,9,27,409,4,maintenance,Air conditioning fault
639,9,28,310,3,available,
640,9,28,111,1,cleaning,
641,9,26,212,2,blocked,Blocked by management
642,9,26,213,2,available,
643,9,26,214,2,available,
644,9,26,215,2,available,
645,9,28,416,4,occupied,
646,9,28,317,3,occupied,
647,9,28,418,4,cleaning,
648,9,26,219,2,available,
649,9,28,320,3,occupied,
650,9,28,401,4,cleaning,
651,9,27,302,3,cleaning,
652,9,27,403,4,maintenance,Pending plumbing inspection
653,9,28,204,2,available,
654,9,26,405,4,occupied,
655,9,28,306,3,available,
656,9,27,407,4,blocked,Blocked by management
657,9,28,108,1,blocked,Blocked due to a security issue
658,9,26,209,2,blocked,Reserved for internal use
659,9,26,310,3,blocked,Blocked by management
660,9,27,111,1,maintenance,Pending plumbing inspection
661,9,28,212,2,available,
662,9,27,313,3,available,
663,9,27,314,3,cleaning,
664,9,26,215,2,available,
665,9,27,116,1,available,
666,9,28,217,2,occupied,
667,9,28,318,3,maintenance,Bathroom renovation in progress
668,9,27,119,1,available,
669,9,27,120,1,occupied,
670,9,28,401,4,available,
671,9,26,302,3,available,
672,9,27,403,4,cleaning,
673,9,26,204,2,occupied,
674,9,28,105,1,available,
675,9,28,406,4,available,
676,9,28,107,1,available,
677,9,28,208,2,available,
678,9,28,209,2,available,
679,9,28,410,4,blocked,Blocked due to a security issue
680,9,28,111,1,available,
681,9,27,412,4,available,
682,9,27,113,1,available,
683,9,28,114,1,available,
684,9,27,115,1,available,
685,9,27,216,2,occupied,
686,9,27,217,2,available,
687,9,28,218,2,available,
688,9,28,219,2,available,
689,9,27,420,4,available,
690,9,28,101,1,available,
691,9,27,402,4,available,
692,9,26,303,3,available,
693,10,30,201,2,available,
694,10,32,102,1,available,
695,10,30,103,1,occupied,
696,10,30,104,1,available,
697,10,29,105,1,cleaning,
698,10,30,206,2,available,
699,10,29,207,2,available,
700,10,29,208,2,available,
701,10,33,109,1,available,
702,10,33,210,2,available,
703,10,33,111,1,occupied,
704,10,29,212,2,available,
705,10,33,113,1,available,
706,10,29,214,2,available,
707,10,33,215,2,available,
708,10,29,116,1,available,
709,10,31,217,2,cleaning,
710,10,29,218,2,cleaning,
711,10,32,119,1,blocked,Blocked due to a security issue
712,10,29,220,2,available,
713,10,33,101,1,available,
714,10,33,202,2,available,
715,10,29,103,1,available,
716,10,33,204,2,available,
717,10,32,105,1,available,
718,10,31,206,2,available,
719,10,30,207,2,maintenance,Pending plumbing inspection
720,10,32,108,1,cleaning,
721,10,31,109,1,available,
722,10,32,110,1,available,
723,10,32,111,1,available,
724,10,33,112,1,available,
725,10,31,213,2,available,
726,10,30,114,1,occupied,
727,10,33,115,1,cleaning,
728,10,31,116,1,available,
729,10,30,117,1,available,
730,10,33,118,1,available,
731,10,30,119,1,occupied,
732,10,32,220,2,available,
733,10,31,101,1,maintenance,Air conditioning fault
734,10,30,102,1,available,
735,10,33,203,2,available,
736,10,33,104,1,available,
737,10,30,105,1,available,
738,10,32,106,1,available,
739,10,33,207,2,occupied,
740,10,31,108,1,cleaning,
741,10,32,209,2,available,
742,10,30,110,1,available,
743,10,29,211,2,blocked,Blocked by management
744,11,37,401,4,occupied,
745,11,37,202,2,available,
746,11,34,403,4,occupied,
747,11,37,104,1,available,
748,11,37,405,4,maintenance,Air conditioning fault
749,11,35,406,4,blocked,Blocked by management
750,11,37,107,1,available,
751,11,37,408,4,cleaning,
752,11,36,409,4,available,
753,11,36,110,1,occupied,
754,11,35,411,4,maintenance,Painting in progress
755,11,34,112,1,available,
756,11,35,413,4,available,
757,11,37,114,1,available,
758,11,35,415,4,available,
759,11,36,216,2,occupied,
760,11,34,117,1,available,
761,11,37,318,3,available,
762,11,37,219,2,available,
763,11,37,120,1,occupied,
764,11,36,201,2,available,
765,11,35,202,2,occupied,
766,11,34,403,4,available,
767,11,37,304,3,available,
768,11,34,205,2,blocked,Blocked by management
769,11,36,106,1,available,
770,11,37,107,1,available,
771,11,37,208,2,available,
772,11,37,409,4,available,
773,11,34,110,1,available,
774,11,36,211,2,available,
775,11,35,112,1,occupied,
776,11,34,213,2,cleaning,
777,11,36,314,3,cleaning,
778,11,34,115,1,available,
779,11,35,216,2,occupied,
780,11,35,417,4,occupied,
781,11,36,118,1,available,
782,11,36,319,3,available,
783,11,37,120,1,occupied,
784,11,34,301,3,available,
785,11,34,302,3,available,
786,11,37,203,2,occupied,
787,11,34,104,1,available,
788,11,34,405,4,occupied,
789,11,36,406,4,available,
790,11,36,307,3,available,
791,11,36,208,2,available,
792,11,37,409,4,available,
793,11,35,210,2,occupied,
794,11,35,111,1,available,
795,11,37,112,1,occupied,
796,11,35,413,4,available,
797,11,36,314,3,available,
798,11,35,115,1,available,
799,11,36,316,3,maintenance,Pending plumbing inspection
800,11,36,317,3,occupied,
801,11,34,318,3,available,
802,11,34,219,2,available,
803,11,36,420,4,cleaning,
804,11,34,201,2,available,
805,11,37,302,3,available,
806,11,37,103,1,cleaning,
807,12,40,301,3,available,
808,12,39,302,3,occupied,
809,12,40,103,1,blocked,Reserved for internal use
810,12,38,204,2,blocked,Blocked due to a security issue
811,12,42,105,1,available,
812,12,41,106,1,available,
813,12,40,307,3,cleaning,
814,12,38,208,2,available,
815,12,41,109,1,available,
816,12,40,110,1,available,
817,12,39,111,1,available,
818,12,38,112,1,cleaning,
819,12,41,313,3,available,
820,12,41,314,3,available,
821,12,40,215,2,occupied,
822,12,42,216,2,maintenance,Bathroom renovation in progress
823,12,38,317,3,occupied,
824,12,39,118,1,occupied,
825,12,41,219,2,occupied,
826,12,42,120,1,available,
827,12,38,301,3,cleaning,
828,12,38,202,2,available,
829,12,38,103,1,available,
830,12,40,104,1,available,
831,12,40,305,3,cleaning,
832,12,40,106,1,available,
833,12,40,307,3,available,
834,12,41,308,3,available,
835,12,39,109,1,available,
836,12,38,310,3,available,
837,12,38,111,1,available,
838,12,42,212,2,available,
839,12,40,313,3,available,
840,12,38,214,2,available,
841,12,40,315,3,available,
842,12,39,116,1,available,
843,12,38,117,1,available,
844,12,38,218,2,available,
845,12,42,319,3,available,
846,12,41,320,3,available,
847,12,40,101,1,occupied,
848,12,42,102,1,blocked,Reserved for internal use
849,12,42,103,1,available,
850,12,41,104,1,available,
851,13,46,401,4,available,
852,13,44,202,2,cleaning,
853,13,45,303,3,available,
854,13,45,304,3,available,
855,13,43,105,1,available,
856,13,45,406,4,available,
857,13,44,307,3,occupied,
858,13,44,108,1,available,
859,13,43,309,3,available,
860,13,43,310,3,available,
861,13,46,411,4,available,
862,13,44,212,2,blocked,Reserved for internal use
863,13,43,313,3,available,
864,13,46,414,4,available,
865,13,45,215,2,available,
866,13,43,416,4,available,
867,13,46,317,3,available,
868,13,46,218,2,available,
869,13,46,119,1,available,
870,13,46,320,3,available,
871,13,43,101,1,available,
872,13,44,102,1,occupied,
873,13,44,403,4,available,
874,13,46,404,4,available,
875,13,45,305,3,available,
876,13,45,406,4,occupied,
877,13,45,107,1,available,
878,13,46,208,2,cleaning,
879,13,43,309,3,cleaning,
880,13,43,110,1,occupied,
881,13,45,111,1,cleaning,
882,13,43,212,2,available,
883,13,46,313,3,occupied,
884,13,46,414,4,available,
885,13,44,215,2,available,
886,13,44,416,4,cleaning,
887,13,45,417,4,available,
888,13,44,218,2,available,
889,13,43,219,2,occupied,
890,13,46,420,4,blocked,Blocked by management
891,13,43,201,2,available,
892,13,46,402,4,cleaning,
893,13,46,203,2,available,
894,13,46,404,4,available,
895,13,44,205,2,available,
896,13,43,406,4,cleaning,
897,13,44,307,3,available,
898,13,45,108,1,blocked,Blocked due to a security issue
899,13,46,309,3,available,
900,13,46,110,1,available,
901,13,45,411,4,available,
902,13,43,212,2,available,
903,13,43,313,3,available,
904,13,45,114,1,available,
905,13,46,315,3,available,
906,13,45,316,3,available,
907,13,45,317,3,available,
908,13,46,218,2,available,
909,13,45,119,1,available,
910,13,43,220,2,available,
911,13,45,301,3,available,
912,13,45,302,3,cleaning,
913,13,43,103,1,available,
914,13,44,404,4,available,
915,13,44,305,3,maintenance,Bathroom renovation in progress
916,13,46,206,2,maintenance,Air conditioning fault
917,13,45,107,1,blocked,Blocked due to a security issue
918,13,44,408,4,occupied,
919,13,46,409,4,available,
920,13,46,210,2,available,
921,13,45,111,1,available,
922,13,43,112,1,available,
923,13,46,413,4,available,
924,13,44,414,4,occupied,
925,13,46,415,4,available,
926,13,46,116,1,available,
927,13,46,417,4,occupied,
928,13,43,118,1,cleaning,
929,13,45,419,4,available,
930,13,45,320,3,available,
931,13,43,301,3,occupied,
932,13,46,402,4,maintenance,Bathroom renovation in progress
933,13,44,303,3,occupied,
934,13,44,304,3,available,
935,13,43,105,1,available,
936,13,43,106,1,occupied,
937,13,45,207,2,occupied,
938,13,45,208,2,available,
939,13,43,109,1,cleaning,
940,13,44,110,1,occupied,
941,13,43,111,1,cleaning,
942,13,44,412,4,occupied,
943,13,44,113,1,occupied,
944,13,45,314,3,available,
945,13,43,415,4,cleaning,
946,13,45,416,4,occupied,
947,13,45,317,3,available,
948,13,43,318,3,maintenance,Painting in progress
949,13,46,319,3,blocked,Reserved for internal use
950,13,45,220,2,available,
951,13,46,201,2,available,
952,13,44,402,4,available,
953,13,46,203,2,available,
954,14,48,101,1,available,
955,14,47,502,5,occupied,
956,14,48,103,1,cleaning,
957,14,47,604,6,available,
958,14,47,605,6,available,
959,14,47,606,6,available,
960,14,48,507,5,available,
961,14,48,408,4,available,
962,14,47,509,5,available,
963,14,48,610,6,maintenance,Painting in progress
964,14,47,511,5,available,
965,14,48,312,3,occupied,
966,14,48,113,1,available,
967,14,47,314,3,available,
968,14,48,115,1,cleaning,
969,14,48,616,6,available,
970,14,47,417,4,occupied,
971,14,48,618,6,available,
972,14,47,619,6,occupied,
973,14,48,120,1,cleaning,
974,14,48,601,6,available,
975,14,47,202,2,available,
976,14,47,403,4,available,
977,14,48,404,4,available,
978,14,48,105,1,available,
979,14,47,306,3,maintenance,Air conditioning fault
980,14,48,107,1,available,
981,14,48,608,6,cleaning,
982,14,47,609,6,available,
983,14,47,110,1,occupied,
984,14,48,611,6,available,
985,14,47,212,2,occupied,
986,14,47,113,1,available,
987,14,47,314,3,maintenance,Air conditioning fault
988,14,48,515,5,available,
989,14,47,116,1,available,
990,14,47,117,1,maintenance,Painting in progress
991,14,48,618,6,occupied,
992,14,48,119,1,blocked,Blocked due to a security issue
993,14,47,320,3,cleaning,
994,14,47,101,1,available,
995,14,48,102,1,available,
996,14,47,403,4,available,
997,14,48,504,5,available,
998,14,47,505,5,available,
999,14,47,606,6,available,
1000,14,47,107,1,cleaning,
1001,14,47,108,1,available,
1002,14,47,609,6,occupied,
1003,14,48,410,4,occupied,
1004,14,48,611,6,available,
1005,14,47,612,6,available,
1006,14,48,413,4,available,
1007,14,47,514,5,occupied,
1008,14,47,615,6,available,
1009,14,47,616,6,maintenance,Pending plumbing inspection
1010,14,48,417,4,available,
1011,14,47,218,2,available,
1012,14,47,519,5,available,
1013,14,47,420,4,maintenance,Bathroom renovation in progress
1014,14,48,101,1,available,
1015,14,47,602,6,cleaning,
1016,14,48,403,4,available,
1017,14,47,104,1,available,
1018,14,48,205,2,available,
1019,14,48,506,5,maintenance,Painting in progress
1020,14,47,107,1,occupied,
1021,14,47,208,2,maintenance,Painting in progress
1022,14,47,109,1,cleaning,
1023,14,48,510,5,available,
1024,14,48,211,2,occupied,
1025,14,48,212,2,maintenance,Pending plumbing inspection
1026,14,47,113,1,available,
1027,15,50,101,1,available,
1028,15,52,102,1,cleaning,
1029,15,50,203,2,cleaning,
1030,15,52,204,2,available,
1031,15,50,405,4,occupied,
1032,15,51,306,3,available,
1033,15,50,107,1,occupied,
1034,15,49,308,3,available,
1035,15,52,409,4,available,
1036,15,51,210,2,cleaning,
1037,15,53,211,2,maintenance,Bathroom renovation in progress
1038,15,53,212,2,available,
1039,15,53,413,4,cleaning,
1040,15,50,414,4,cleaning,
1041,15,51,115,1,occupied,
1042,15,50,216,2,available,
1043,15,53,217,2,cleaning,
1044,15,53,218,2,cleaning,
1045,15,49,419,4,blocked,Blocked by management
1046,15,52,120,1,available,
1047,15,52,401,4,maintenance,Air conditioning fault
1048,15,52,402,4,available,
1049,15,53,103,1,occupied,
1050,15,52,204,2,available,
1051,15,51,205,2,available,
1052,15,49,106,1,available,
1053,15,51,207,2,occupied,
1054,15,53,108,1,blocked,Reserved for internal use
1055,15,50,409,4,available,
1056,15,51,410,4,occupied,
1057,15,49,111,1,available,
1058,15,51,112,1,available,
1059,15,51,213,2,maintenance,Air conditioning fault
1060,15,53,314,3,occupied,
1061,15,49,315,3,cleaning,
1062,15,49,416,4,available,
1063,15,53,117,1,available,
1064,15,50,118,1,available,
1065,15,50,219,2,blocked,Blocked by management
1066,15,53,120,1,available,
1067,15,53,201,2,occupied,
1068,15,50,302,3,available,
1069,15,51,403,4,available,
1070,15,49,304,3,available,
1071,15,52,105,1,available,
1072,15,53,306,3,available,
1073,15,51,107,1,available,
1074,15,52,108,1,available,
1075,15,50,309,3,blocked,Blocked by management
1076,15,49,210,2,available,
1077,15,50,411,4,available,
1078,15,50,112,1,available,
1079,15,53,213,2,available,
1080,15,52,414,4,occupied,
1081,15,49,315,3,available,
1082,15,49,216,2,cleaning,
1083,15,53,317,3,available,
1084,15,51,318,3,available,
1085,15,53,419,4,available,
1086,15,53,220,2,cleaning,
1087,15,51,201,2,maintenance,Bathroom renovation in progress
1088,15,52,302,3,blocked,Blocked by management
1089,15,50,303,3,available,
1090,15,50,204,2,occupied,
1091,15,51,205,2,blocked,Blocked due to a security issue
1092,15,50,206,2,available,
1093,15,49,307,3,available,
1094,15,52,308,3,available,
1095,15,50,109,1,occupied,
1096,15,51,210,2,available,
1097,15,53,211,2,available,
1098,15,49,112,1,available,
1099,15,52,213,2,cleaning,
1100,15,51,214,2,available,
1101,15,53,315,3,available,
1102,15,51,416,4,cleaning,
1103,15,53,217,2,maintenance,Painting in progress
1104,15,51,118,1,occupied,
1105,15,49,219,2,occupied,
1106,15,49,320,3,available,
1107,15,53,201,2,available,
1108,15,49,302,3,available,
1109,15,50,203,2,maintenance,Pending plumbing inspection
1110,15,50,104,1,available,
1111,15,52,105,1,blocked,Reserved for internal use
1112,15,50,406,4,available,
1113,15,53,107,1,cleaning,
1114,15,51,408,4,available,
1115,15,52,309,3,available,
1116,15,49,310,3,available,
1117,16,56,101,1,available,
1118,16,55,302,3,blocked,Reserved for internal use
1119,16,55,103,1,maintenance,Painting in progress
1120,16,56,204,2,available,
1121,16,56,305,3,available,
1122,16,54,206,2,available,
1123,16,56,207,2,available,
1124,16,56,208,2,available,
1125,16,55,309,3,cleaning,
1126,16,55,110,1,available,
1127,16,56,311,3,occupied,
1128,16,54,112,1,available,
1129,16,55,213,2,available,
1130,16,54,214,2,cleaning,
1131,16,55,215,2,available,
1132,16,55,116,1,available,
1133,16,54,117,1,available,
1134,16,56,318,3,available,
1135,16,56,319,3,cleaning,
1136,16,55,120,1,available,
1137,16,56,301,3,available,
1138,16,54,202,2,available,
1139,16,54,303,3,occupied,
1140,16,56,204,2,available,
1141,16,55,305,3,occupied,
1142,16,56,106,1,available,
1143,16,56,307,3,available,
1144,16,55,108,1,available,
1145,16,54,209,2,available,
1146,16,56,110,1,available,
1147,16,54,211,2,available,
1148,16,56,212,2,available,
1149,16,55,313,3,available,
1150,16,54,314,3,available,
1151,16,56,115,1,occupied,
1152,16,56,116,1,available,
1153,16,55,317,3,maintenance,Pending plumbing inspection
1154,16,56,318,3,occupied,
1155,16,54,319,3,available,
1156,16,54,120,1,available,
1157,16,55,201,2,maintenance,Painting in progress
1158,16,55,102,1,available,
1159,16,54,303,3,available,
1160,16,54,304,3,available,
1161,16,56,305,3,occupied,
1162,16,56,106,1,available,
1163,16,54,107,1,maintenance,Air conditioning fault
1164,16,55,208,2,available,
1165,16,55,109,1,maintenance,Pending plumbing inspection
1166,16,54,310,3,available,
1167,16,56,111,1,available,
1168,16,56,112,1,occupied,
1169,16,55,113,1,available,
1170,16,54,214,2,occupied,
1171,16,54,115,1,available,
1172,16,55,216,2,available,
1173,16,54,117,1,maintenance,Air conditioning fault
1174,16,55,118,1,cleaning,
1175,16,54,119,1,available,
1176,16,54,120,1,maintenance,Bathroom renovation in progress
1177,16,56,101,1,available,
1178,16,55,102,1,available,
1179,16,56,203,2,cleaning,
1180,16,55,204,2,available,
1181,16,56,305,3,available,
1182,16,56,306,3,available,
1183,16,56,107,1,available,
1184,16,56,108,1,blocked,Blocked by management
1185,16,56,109,1,blocked,Blocked by management
1186,16,54,310,3,cleaning,
1187,17,57,201,2,occupied,
1188,17,57,102,1,cleaning,
1189,17,58,203,2,available,
1190,17,57,204,2,available,
1191,17,58,105,1,available,
1192,17,59,106,1,available,
1193,17,58,307,3,available,
1194,17,59,108,1,available,
1195,17,58,109,1,available,
1196,17,58,310,3,occupied,
1197,17,59,211,2,available,
1198,17,58,212,2,blocked,Reserved for internal use
1199,17,57,113,1,cleaning,
1200,17,58,314,3,available,
1201,17,57,315,3,available,
1202,17,57,216,2,available,
1203,17,59,317,3,available,
1204,17,57,218,2,available,
1205,17,59,119,1,occupied,
1206,17,57,120,1,available,
1207,17,57,201,2,available,
1208,17,58,102,1,available,
1209,17,58,303,3,available,
1210,17,59,304,3,available,
1211,17,59,205,2,available,
1212,17,59,306,3,blocked,Reserved for internal use
1213,17,59,207,2,available,
1214,17,58,108,1,available,
1215,17,58,209,2,available,
1216,17,57,110,1,available,
1217,17,57,111,1,available,
1218,17,57,112,1,available,
1219,17,59,213,2,available,
1220,17,59,314,3,available,
1221,17,57,315,3,occupied,
1222,17,58,216,2,available,
1223,17,59,217,2,available,
1224,17,58,318,3,available,
1225,17,59,319,3,available,
1226,17,57,220,2,cleaning,
1227,17,57,201,2,available,
1228,17,58,202,2,available,
1229,17,57,103,1,available,
1230,17,58,304,3,available,
1231,17,58,105,1,available,
1232,17,58,206,2,occupied,
1233,17,59,307,3,available,
1234,17,59,308,3,available,
1235,17,58,209,2,available,
1236,17,57,310,3,available,
1237,18,63,501,5,occupied,
1238,18,62,302,3,available,
1239,18,60,203,2,cleaning,
1240,18,62,704,7,occupied,
1241,18,60,705,7,cleaning,
1242,18,62,406,4,available,
1243,18,62,307,3,available,
1244,18,60,608,6,available,
1245,18,61,609,6,available,
1246,18,60,610,6,available,
1247,18,62,111,1,available,
1248,18,60,512,5,available,
1249,18,63,613,6,cleaning,
1250,18,63,314,3,available,
1251,18,63,515,5,available,
1252,18,62,416,4,available,
1253,18,62,517,5,available,
1254,18,63,118,1,occupied,
1255,18,61,319,3,available,
1256,18,62,220,2,available,
1257,18,62,401,4,available,
1258,18,60,702,7,cleaning,
1259,18,61,303,3,available,
1260,18,62,504,5,available,
1261,18,61,505,5,occupied,
1262,18,60,606,6,cleaning,
1263,18,60,507,5,available,
1264,18,60,508,5,maintenance,Painting in progress
1265,18,63,209,2,available,
1266,18,60,610,6,maintenance,Pending plumbing inspection
1267,18,63,611,6,available,
1268,18,61,412,4,available,
1269,18,63,613,6,occupied,
1270,18,61,114,1,available,
1271,18,61,515,5,available,
1272,18,63,316,3,cleaning,
1273,18,63,517,5,occupied,
1274,18,60,518,5,available,
1275,18,63,219,2,available,
1276,18,62,720,7,available,
1277,18,62,701,7,cleaning,
1278,18,60,602,6,available,
1279,18,63,303,3,maintenance,Bathroom renovation in progress
1280,18,62,604,6,available,
1281,18,63,205,2,available,
1282,18,61,106,1,available,
1283,18,62,407,4,available,
1284,18,63,408,4,available,
1285,18,60,209,2,available,
1286,18,61,110,1,available,
1287,18,62,611,6,available,
1288,18,60,612,6,available,
1289,18,60,113,1,cleaning,
1290,18,60,314,3,available,
1291,18,60,415,4,cleaning,
1292,18,60,416,4,cleaning,
1293,18,61,217,2,available,
1294,18,60,518,5,occupied,
1295,18,62,419,4,cleaning,
1296,18,61,520,5,available,
1297,18,62,301,3,cleaning,
1298,18,63,702,7,occupied,
1299,18,61,403,4,available,
1300,18,60,204,2,available,
1301,18,62,405,4,available,
1302,18,60,406,4,available,
1303,18,60,307,3,available,
1304,18,63,608,6,available,
1305,18,62,709,7,cleaning,
1306,18,62,410,4,occupied,
1307,18,62,111,1,available,
1308,18,60,712,7,occupied,
1309,18,60,613,6,cleaning,
1310,18,61,314,3,available,
1311,18,62,615,6,blocked,Reserved for internal use
1312,18,60,516,5,cleaning,
1313,18,63,417,4,available,
1314,18,63,318,3,available,
1315,19,66,201,2,cleaning,
1316,19,65,402,4,available,
1317,19,67,103,1,available,
1318,19,64,404,4,available,
1319,19,67,305,3,occupied,
1320,19,64,206,2,occupied,
1321,19,68,107,1,available,
1322,19,68,308,3,available,
1323,19,64,109,1,available,
1324,19,65,410,4,maintenance,Bathroom renovation in progress
1325,19,64,411,4,available,
1326,19,66,312,3,available,
1327,19,64,213,2,available,
1328,19,65,414,4,maintenance,Pending plumbing inspection
1329,19,67,415,4,cleaning,
1330,19,65,316,3,available,
1331,19,68,317,3,maintenance,Bathroom renovation in progress
1332,19,64,418,4,available,
1333,19,67,419,4,cleaning,
1334,19,68,220,2,available,
1335,19,64,201,2,cleaning,
1336,19,67,202,2,available,
1337,19,65,103,1,available,
1338,19,67,304,3,available,
1339,19,66,205,2,cleaning,
1340,19,64,106,1,occupied,
1341,19,67,407,4,maintenance,Painting in progress
1342,19,64,208,2,occupied,
1343,19,65,309,3,available,
1344,19,67,410,4,available,
1345,19,65,211,2,blocked,Reserved for internal use
1346,19,65,412,4,available,
1347,19,65,113,1,available,
1348,19,66,214,2,available,
1349,19,65,315,3,available,
1350,19,67,116,1,available,
1351,19,65,317,3,blocked,Reserved for internal use
1352,19,65,418,4,occupied,
1353,19,68,319,3,available,
1354,19,68,120,1,available,
1355,19,65,401,4,cleaning,
1356,19,68,102,1,available,
1357,19,68,403,4,available,
1358,19,67,304,3,available,
1359,19,68,105,1,available,
1360,19,66,206,2,available,
1361,19,66,407,4,available,
1362,19,66,408,4,available,
1363,19,64,309,3,available,
1364,19,65,410,4,cleaning,
1365,19,66,311,3,cleaning,
1366,19,66,312,3,available,
1367,19,66,313,3,available,
1368,19,65,314,3,occupied,
1369,19,67,215,2,available,
1370,19,67,116,1,available,
1371,19,64,217,2,available,
1372,19,67,318,3,available,
1373,19,67,419,4,available,
1374,19,67,120,1,available,
1375,19,68,401,4,available,
1376,19,64,202,2,available,
1377,19,64,203,2,cleaning,
1378,19,65,204,2,occupied,
1379,19,66,205,2,available,
1380,19,64,206,2,available,
1381,19,64,207,2,occupied,
1382,19,64,308,3,available,
1383,19,64,409,4,available,
1384,19,64,310,3,available,
1385,19,64,411,4,cleaning,
1386,19,67,412,4,available,
1387,19,66,113,1,available,
1388,19,64,414,4,available,
1389,19,68,215,2,available,
1390,19,64,316,3,available,
1391,19,64,117,1,available,
1392,19,68,418,4,available,
1393,19,66,219,2,available,
1394,19,67,120,1,available,
1395,19,65,201,2,available,
1396,19,67,302,3,available,
1397,19,65,103,1,available,
1398,19,67,304,3,cleaning,
1399,19,68,205,2,available,
1400,19,64,306,3,available,
1401,19,67,407,4,cleaning,
1402,19,67,308,3,available,
1403,19,67,109,1,occupied,
1404,19,66,210,2,available,
1405,19,67,111,1,available,
1406,19,66,412,4,occupied,
1407,19,65,413,4,available,
1408,19,68,114,1,available,
1409,19,67,115,1,cleaning,
1410,19,67,316,3,available,
1411,19,65,317,3,cleaning,
1412,19,68,418,4,available,
1413,19,64,119,1,cleaning,
1414,19,68,120,1,available,
1415,19,67,101,1,available,
1416,19,68,302,3,available,
1417,19,68,103,1,occupied,
1418,20,70,201,2,maintenance,Painting in progress
1419,20,69,102,1,available,
1420,20,71,303,3,available,
1421,20,71,404,4,occupied,
1422,20,70,505,5,maintenance,Pending plumbing inspection
1423,20,69,206,2,available,
1424,20,71,507,5,available,
1425,20,71,108,1,available,
1426,20,69,109,1,available,
1427,20,69,210,2,occupied,
1428,20,70,411,4,cleaning,
1429,20,71,512,5,occupied,
1430,20,70,513,5,maintenance,Pending plumbing inspection
1431,20,71,414,4,maintenance,Air conditioning fault
1432,20,69,215,2,available,
1433,20,69,116,1,occupied,
1434,20,69,117,1,available,
1435,20,71,218,2,available,
1436,20,70,519,5,available,
1437,20,70,420,4,available,
1438,20,70,101,1,available,
1439,20,69,402,4,blocked,Reserved for internal use
1440,20,69,403,4,available,
1441,20,69,304,3,available,
1442,20,70,105,1,available,
1443,20,69,406,4,blocked,Reserved for internal use
1444,20,71,507,5,available,
1445,20,71,308,3,available,
1446,20,70,409,4,available,
1447,20,71,510,5,cleaning,
1448,20,70,211,2,occupied,
1449,20,71,112,1,available,
1450,20,70,513,5,available,
1451,20,71,414,4,cleaning,
1452,20,69,415,4,available,
1453,20,71,316,3,available,
1454,20,70,117,1,available,
1455,20,71,218,2,available,
1456,20,70,219,2,available,
1457,20,71,320,3,cleaning,
1458,20,71,401,4,available,
1459,20,70,402,4,blocked,Blocked due to a security issue
1460,20,71,303,3,maintenance,Bathroom renovation in progress
1461,20,71,204,2,available,
1462,20,71,105,1,occupied,
1463,20,69,206,2,available,
1464,20,71,407,4,available,
1465,20,70,408,4,available,
1466,20,69,509,5,available,
1467,20,69,310,3,cleaning,
1468,20,70,211,2,available,
1469,20,71,112,1,maintenance,Pending plumbing inspection
1470,20,70,113,1,available,
1471,20,69,514,5,available,
1472,20,70,315,3,maintenance,Air conditioning fault
1473,20,71,316,3,cleaning,
1474,20,71,517,5,available,
1475,20,69,118,1,cleaning,
1476,20,70,419,4,blocked,Blocked by management
1477,20,69,520,5,available,
1478,20,69,501,5,available,
1479,20,69,202,2,available,
1480,20,69,303,3,available,
1481,20,70,404,4,occupied,
1482,20,70,105,1,available,
1483,20,70,306,3,maintenance,Air conditioning fault
1484,20,69,407,4,blocked,Blocked by management
1485,20,69,408,4,available,
1486,20,71,209,2,available,
1487,20,70,410,4,available,
1488,20,71,211,2,available,
1489,20,71,412,4,maintenance,Bathroom renovation in progress
1490,20,70,413,4,cleaning,
1491,20,70,514,5,maintenance,Pending plumbing inspection
1492,20,69,415,4,available,
1493,20,69,516,5,cleaning,
1494,20,69,317,3,available,
1495,20,69,418,4,available,
1496,20,69,219,2,cleaning,
1497,20,69,520,5,blocked,Reserved for internal use
1498,20,70,501,5,cleaning,
1499,20,71,302,3,cleaning,
1500,20,69,303,3,cleaning,
1501,20,71,204,2,occupied,
1502,20,70,205,2,cleaning,
1503,20,71,506,5,occupied,
1504,20,71,307,3,cleaning,
1505,20,71,408,4,maintenance,Pending plumbing inspection
1506,20,69,109,1,available,
1507,20,70,210,2,available,
1508,20,71,311,3,available,
1509,20,71,512,5,available,
1510,20,70,213,2,available,
1511,20,71,514,5,available,
1512,20,70,415,4,blocked,Blocked by management
1513,20,71,116,1,cleaning,
1514,20,70,517,5,available,
1515,20,69,118,1,available,
1516,20,71,119,1,available,
1517,20,69,520,5,available,
1518,20,71,501,5,cleaning,
1519,20,69,302,3,available,
1520,20,71,503,5,occupied,
1521,20,71,404,4,available,
1522,20,69,105,1,available,
1523,21,74,201,2,available,
1524,21,75,202,2,available,
1525,21,72,203,2,cleaning,
1526,21,75,104,1,available,
1527,21,74,305,3,available,
1528,21,76,306,3,available,
1529,21,75,207,2,available,
1530,21,75,208,2,occupied,
1531,21,75,309,3,blocked,Blocked by management
1532,21,73,310,3,available,
1533,21,75,111,1,blocked,Blocked due to a security issue
1534,21,76,112,1,occupied,
1535,21,75,213,2,available,
1536,21,73,314,3,available,
1537,21,72,315,3,cleaning,
1538,21,72,116,1,available,
1539,21,74,117,1,available,
1540,21,72,218,2,available,
1541,21,74,219,2,available,
1542,21,72,120,1,available,
1543,21,76,201,2,available,
1544,21,74,202,2,available,
1545,21,75,103,1,available,
1546,21,74,104,1,cleaning,
1547,21,75,205,2,available,
1548,21,76,206,2,cleaning,
1549,21,75,207,2,cleaning,
1550,21,76,108,1,occupied,
1551,21,76,309,3,available,
1552,21,75,310,3,available,
1553,21,74,111,1,maintenance,Painting in progress
1554,21,75,112,1,cleaning,
1555,21,74,313,3,available,
1556,21,75,314,3,available,
1557,21,72,115,1,occupied,
1558,21,76,316,3,maintenance,Pending plumbing inspection
1559,21,76,317,3,available,
1560,21,76,118,1,available,
1561,21,76,319,3,available,
1562,21,72,320,3,available,
1563,21,75,301,3,cleaning,
1564,22,78,101,1,available,
1565,22,78,202,2,maintenance,Painting in progress
1566,22,77,703,7,available,
1567,22,79,404,4,available,
1568,22,80,705,7,cleaning,
1569,22,79,406,4,available,
1570,22,77,707,7,available,
1571,22,80,308,3,available,
1572,22,77,509,5,available,
1573,22,78,210,2,available,
1574,22,77,211,2,available,
1575,22,80,612,6,available,
1576,22,79,213,2,available,
1577,22,77,314,3,available,
1578,22,79,215,2,available,
1579,22,79,316,3,available,
1580,22,77,117,1,available,
1581,22,78,418,4,available,
1582,22,80,119,1,available,
1583,22,79,420,4,available,
1584,22,77,401,4,available,
1585,22,78,102,1,available,
1586,22,77,203,2,occupied,
1587,22,78,304,3,available,
1588,22,80,105,1,cleaning,
1589,22,78,706,7,blocked,Reserved for internal use
1590,22,78,707,7,available,
1591,22,80,508,5,available,
1592,22,77,709,7,available,
1593,22,79,610,6,blocked,Blocked by management
1594,22,77,411,4,available,
1595,22,79,712,7,occupied,
1596,22,79,713,7,available,
1597,22,79,114,1,available,
1598,22,77,315,3,available,
1599,22,77,716,7,available,
1600,22,79,417,4,available,
1601,22,79,618,6,cleaning,
1602,22,79,719,7,occupied,
1603,22,79,220,2,occupied,
1604,22,79,301,3,available,
1605,22,79,102,1,cleaning,
1606,22,78,603,6,cleaning,
1607,22,80,104,1,cleaning,
1608,22,78,405,4,available,
1609,22,80,706,7,available,
1610,22,77,707,7,cleaning,
1611,22,77,508,5,available,
1612,22,80,609,6,available,
1613,22,80,710,7,available,
1614,22,80,211,2,cleaning,
1615,22,77,112,1,available,
1616,22,78,413,4,available,
1617,22,77,714,7,available,
1618,22,79,215,2,available,
1619,22,79,716,7,occupied,
1620,22,78,417,4,blocked,Blocked by management
1621,22,79,418,4,cleaning,
1622,22,78,119,1,available,
1623,22,80,120,1,cleaning,
1624,22,80,201,2,available,
1625,22,78,102,1,available,
1626,22,77,203,2,available,
1627,22,78,504,5,occupied,
1628,22,79,205,2,cleaning,
1629,22,77,606,6,occupied,
1630,22,79,607,6,available,
1631,22,80,108,1,cleaning,
1632,22,77,709,7,cleaning,
1633,22,80,710,7,blocked,Reserved for internal use
1634,22,77,611,6,available,
1635,22,80,312,3,available,
1636,22,77,613,6,available,
1637,22,79,414,4,available,
1638,22,79,115,1,available,
1639,22,79,116,1,cleaning,
1640,22,77,617,6,available,
1641,22,80,118,1,cleaning,
1642,22,78,219,2,available,
1643,22,77,620,6,available,
1644,22,77,401,4,available,
1645,22,77,502,5,maintenance,Pending plumbing inspection
1646,22,79,203,2,available,
1647,22,78,304,3,cleaning,
1648,22,79,505,5,maintenance,Air conditioning fault
1649,22,80,706,7,available,
1650,22,80,507,5,available,
1651,22,77,108,1,available,
1652,22,77,709,7,available,
1653,22,80,110,1,available,
1654,22,80,111,1,available,
1655,22,77,512,5,available,
1656,22,80,413,4,available,
1657,22,80,214,2,cleaning,
1658,22,77,415,4,available,
1659,22,80,516,5,available,
1660,22,79,617,6,cleaning,
1661,22,77,418,4,available,
1662,22,78,119,1,available,
1663,22,77,520,5,maintenance,Bathroom renovation in progress
1664,22,78,601,6,available,
1665,22,79,402,4,available,
1666,22,80,203,2,available,
1667,22,77,104,1,available,
1668,22,80,505,5,blocked,Reserved for internal use
1669,22,79,506,5,cleaning,
1670,23,83,201,2,available,
1671,23,81,102,1,available,
1672,23,85,103,1,available,
1673,23,82,104,1,available,
1674,23,82,105,1,available,
1675,23,84,206,2,available,
1676,23,83,207,2,available,
1677,23,84,208,2,available,
1678,23,84,109,1,available,
1679,23,81,110,1,occupied,
1680,23,84,111,1,available,
1681,23,83,212,2,available,
1682,23,82,113,1,available,
1683,23,81,214,2,available,
1684,23,81,115,1,available,
1685,23,82,216,2,available,
1686,23,81,117,1,available,
1687,23,82,118,1,cleaning,
1688,23,82,219,2,cleaning,
1689,23,82,120,1,available,
1690,23,82,201,2,cleaning,
1691,23,81,102,1,available,
1692,23,81,203,2,cleaning,
1693,23,83,204,2,available,
1694,23,83,105,1,cleaning,
1695,23,85,206,2,cleaning,
1696,23,81,107,1,available,
1697,23,82,108,1,available,
1698,23,84,209,2,available,
1699,23,84,110,1,cleaning,
1700,23,85,111,1,cleaning,
1701,23,83,112,1,available,
1702,23,81,213,2,cleaning,
1703,23,85,214,2,available,
1704,23,81,215,2,maintenance,Air conditioning fault
1705,23,82,216,2,occupied,
1706,24,89,301,3,available,
1707,24,88,302,3,available,
1708,24,89,303,3,blocked,Reserved for internal use
1709,24,88,304,3,available,
1710,24,86,105,1,available,
1711,24,87,206,2,cleaning,
1712,24,89,107,1,available,
1713,24,89,308,3,available,
1714,24,88,209,2,available,
1715,24,87,110,1,available,
1716,24,88,111,1,available,
1717,24,89,312,3,available,
1718,24,89,213,2,available,
1719,24,89,214,2,maintenance,Pending plumbing inspection
1720,24,88,215,2,available,
1721,24,89,116,1,available,
1722,24,86,217,2,cleaning,
1723,24,88,318,3,available,
1724,24,86,219,2,cleaning,
1725,24,86,120,1,available,
1726,24,86,301,3,available,
1727,24,87,302,3,available,
1728,24,88,303,3,maintenance,Pending plumbing inspection
1729,24,87,304,3,available,
1730,24,87,305,3,occupied,
1731,24,88,106,1,maintenance,Pending plumbing inspection
1732,24,88,207,2,cleaning,
1733,24,86,208,2,occupied,
1734,24,87,209,2,available,
1735,24,87,210,2,available,
1736,24,89,311,3,maintenance,Pending plumbing inspection
1737,24,86,212,2,cleaning,
1738,24,89,313,3,available,
1739,24,89,214,2,cleaning,
1740,24,86,215,2,available,
1741,24,87,216,2,cleaning,
1742,24,86,217,2,maintenance,Pending plumbing inspection
1743,24,88,118,1,available,
1744,24,89,319,3,available,
1745,25,90,201,2,available,
1746,25,91,402,4,blocked,Blocked by management
1747,25,91,103,1,available,
1748,25,90,404,4,available,
1749,25,92,405,4,available,
1750,25,91,106,1,available,
1751,25,92,207,2,available,
1752,25,92,408,4,available,
1753,25,90,109,1,cleaning,
1754,25,91,310,3,available,
1755,25,91,111,1,available,
1756,25,91,112,1,available,
1757,25,91,413,4,available,
1758,25,90,214,2,available,
1759,25,91,115,1,available,
1760,25,90,216,2,cleaning,
1761,25,91,417,4,maintenance,Painting in progress
1762,25,90,318,3,available,
1763,25,92,419,4,available,
1764,25,90,220,2,available,
1765,25,91,201,2,available,
1766,25,92,402,4,available,
1767,25,92,103,1,occupied,
1768,25,91,404,4,available,
1769,25,92,305,3,available,
1770,25,90,406,4,available,
1771,25,92,407,4,available,
1772,25,92,208,2,occupied,
1773,25,90,409,4,occupied,
1774,25,90,210,2,cleaning,
1775,25,90,311,3,cleaning,
1776,25,92,312,3,occupied,
1777,25,90,213,2,cleaning,
1778,25,91,114,1,blocked,Blocked by management
1779,25,90,315,3,available,
1780,25,90,316,3,available,
1781,25,90,417,4,available,
1782,25,92,418,4,available,
1783,25,92,419,4,cleaning,
1784,25,91,120,1,available,
1785,25,90,201,2,available,
1786,25,92,402,4,available,
1787,25,90,103,1,available,
1788,25,90,404,4,available,
1789,25,91,205,2,available,
1790,25,90,106,1,available,
1791,25,90,407,4,available,
1792,25,92,108,1,occupied,
1793,25,90,409,4,available,
