room_type_id,hotel_id,name,description,max_adults,max_children,bed_configuration,size_m2,bathroom_type,services,accessible,base_price_per_night,breakfast_included,cancellation_policy
1,1,family,"The family room at Grand Hotel Palm Grove has an area of approximately 41 m2 and is furnished with one double bed and a sofa bed, with room for up to 4 adults and 2 children. Amenities include jacuzzi, sea view, tv, safe and air conditioning. Breakfast is not included in the base rate, although it can be added. The cancellation policy for this room is flexible.",4,2,one double bed and a sofa bed,41,private,jacuzzi;sea view;tv;safe;air conditioning,False,148.14,False,flexible
2,1,double,"The double room at Grand Hotel Palm Grove has an area of approximately 29 m2 and is furnished with one double bed, with room for up to 2 adults and 1 child.

Amenities include safe, minibar, heating, jacuzzi, soundproofing, iron and coffee machine. Breakfast is not included in the base rate, although it can be added. The cancellation policy for this room is strict.",2,1,one double bed,29,private,safe;minibar;heating;jacuzzi;soundproofing;iron;coffee machine,False,92.93,False,strict
3,1,twin,"The twin room at Grand Hotel Palm Grove has an area of approximately 31 m2 and is furnished with two single beds, with room for up to 2 adults and 1 child.

Amenities include sea view, jacuzzi, heating and wifi. Breakfast is not included in the base rate, although it can be added. The cancellation policy for this room is flexible.",2,1,two single beds,31,private,sea view;jacuzzi;heating;wifi,False,79.55,False,flexible
4,2,triple,"The triple room at Manor Silver Bay has an area of approximately 24 m2 and is furnished with one double bed and one single bed, with room for up to 3 adults and 1 child. Amenities include heating, sea view, soundproofing and coffee machine. Breakfast is not included in the base rate, although it can be added. The cancellation policy for this room is non-refundable.",3,1,one double bed and one single bed,24,private,heating;sea view;soundproofing;coffee machine,False,91.14,False,non-refundable
5,2,single,"The single room at Manor Silver Bay has an area of approximately 17 m2 and is furnished with one single bed, with room for up to 1 adults.

Amenities include terrace, desk and air conditioning. The rate includes breakfast. The cancellation policy for this room is non-refundable.",1,0,one single bed,17,private,terrace;desk;air conditioning,True,47.76,True,non-refundable
6,2,suite,"The suite room at Manor Silver Bay has an area of approximately 52 m2 and is furnished with one king-size bed and a sofa bed, with room for up to 3 adults and 2 children. Amenities include hairdryer, iron, minibar, desk and terrace. Breakfast is not included in the base rate, although it can be added. The cancellation policy for this room is moderate.",3,2,one king-size bed and a sofa bed,52,private,hairdryer;iron;minibar;desk;terrace,False,180.64,False,moderate
7,2,double,"The double room at Manor Silver Bay has an area of approximately 22 m2 and is furnished with one double bed, with room for up to 2 adults and 1 child. Amenities include tv, wifi, safe, desk and jacuzzi. Breakfast is not included in the base rate, although it can be added. The cancellation policy for this room is moderate.",2,1,one double bed,22,private,tv;wifi;safe;desk;jacuzzi,False,52.13,False,moderate
8,3,double,"The double room at Boutique Hotel Sunset has an area of approximately 24 m2 and is furnished with one double bed, with room for up to 2 adults and 1 child.

Amenities include hairdryer, coffee machine, terrace, safe, tv, balcony and sea view. The rate includes breakfast. The cancellation policy for this room is strict.",2,1,one double bed,24,private,hairdryer;coffee machine;terrace;safe;tv;balcony;sea view,False,291.52,True,strict
9,3,twin,"The twin room at Boutique Hotel Sunset has an area of approximately 27 m2 and is furnished with two single beds, with room for up to 2 adults and 1 child. Amenities include soundproofing, iron, minibar, air conditioning, jacuzzi, terrace and hairdryer. The rate includes breakfast. The cancellation policy for this room is flexible.",2,1,two single beds,27,shared,soundproofing;iron;minibar;air conditioning;jacuzzi;terrace;hairdryer,True,344.11,True,flexible
10,3,suite,"The suite room at Boutique Hotel Sunset has an area of approximately 46 m2 and is furnished with one double bed and a separate lounge, with room for up to 3 adults and 2 children. Amenities include heating, city view, jacuzzi and coffee machine. The rate includes breakfast. The cancellation policy for this room is strict.",3,2,one double bed and a separate lounge,46,private,heating;city view;jacuzzi;coffee machine,False,709.26,True,strict
11,4,double,"The double room at Grand Hotel Golden Tower has an area of approximately 24 m2 and is furnished with one double bed, with room for up to 2 adults and 1 child. Amenities include jacuzzi, iron, soundproofing, sea view, heating and wifi. Breakfast is not included in the base rate, although it can be added. The cancellation policy for this room is strict.",2,1,one double bed,24,private,jacuzzi;iron;soundproofing;sea view;heating;wifi,True,88.85,False,strict
12,4,family,"The family room at Grand Hotel Golden Tower has an area of approximately 33 m2 and is furnished with one double bed and a sofa bed, with room for up to 4 adults and 2 children.

Amenities include iron, minibar, sea view, heating, air conditioning, wifi and jacuzzi. Breakfast is not included in the base rate, although it can be added. The cancellation policy for this room is flexible.",4,2,one double bed and a sofa bed,33,private,iron;minibar;sea view;heating;air conditioning;wifi;jacuzzi,True,127.53,False,flexible
13,5,suite,"The suite room at Resort Bayside has an area of approximately 52 m2 and is furnished with one double bed and a separate lounge, with room for up to 3 adults and 2 children. Amenities include safe, terrace, air conditioning, city view, coffee machine, heating, desk and iron. The rate includes breakfast. The cancellation policy for this room is moderate.",3,2,one double bed and a separate lounge,52,shared,safe;terrace;air conditioning;city view;coffee machine;heating;desk;iron,False,159.91,True,moderate
14,5,double,"The double room at Resort Bayside has an area of approximately 25 m2 and is furnished with one king-size bed, with room for up to 2 adults and 1 child. Amenities include terrace, jacuzzi, desk, air conditioning, iron, safe, balcony and heating. The rate includes breakfast. The cancellation policy for this room is flexible.",2,1,one king-size bed,25,private,terrace;jacuzzi;desk;air conditioning;iron;safe;balcony;heating,False,82.77,True,flexible
15,5,triple,"The triple room at Resort Bayside has an area of approximately 23 m2 and is furnished with one double bed and one single bed, with room for up to 3 adults and 1 child.

Amenities include terrace, safe, tv, jacuzzi, heating, balcony and hairdryer. Breakfast is not included in the base rate, although it can be added. The cancellation policy for this room is flexible.",3,1,one double bed and one single bed,23,private,terrace;safe;tv;jacuzzi;heating;balcony;hairdryer,False,118.19,False,flexible
16,6,double,"The double room at Palace Central Park has an area of approximately 21 m2 and is furnished with one double bed, with room for up to 2 adults and 1 child.

Amenities include terrace, city view, balcony and soundproofing. The rate includes breakfast. The cancellation policy for this room is strict.",2,1,one double bed,21,private,terrace;city view;balcony;soundproofing,True,94.53,True,strict
17,6,single,"The single room at Palace Central Park has an area of approximately 14 m2 and is furnished with one single bed, with room for up to 1 adults. Amenities include air conditioning, hairdryer and coffee machine. Breakfast is not included in the base rate, although it can be added. The cancellation policy for this room is strict.",1,0,one single bed,14,private,air conditioning;hairdryer;coffee machine,True,52.66,False,strict
18,7,triple,"The triple room at Aparthotel Lighthouse has an area of approximately 30 m2 and is furnished with one double bed and one single bed, with room for up to 3 adults and 1 child.

Amenities include desk, terrace and soundproofing. Breakfast is not included in the base rate, although it can be added. The cancellation policy for this room is non-refundable.",3,1,one double bed and one single bed,30,private,desk;terrace;soundproofing,False,55.7,False,non-refundable
19,7,suite,"The suite room at Aparthotel Lighthouse has an area of approximately 65 m2 and is furnished with one double bed and a separate lounge, with room for up to 3 adults and 2 children.

Amenities include balcony, minibar, soundproofing, safe, wifi and sea view. Breakfast is not included in the base rate, although it can be added. The cancellation policy for this room is non-refundable.",3,2,one double bed and a separate lounge,65,private,balcony;minibar;soundproofing;safe;wifi;sea view,False,115.09,False,non-refundable
20,7,double,"The double room at Aparthotel Lighthouse has an area of approximately 16 m2 and is furnished with one king-size bed, with room for up to 2 adults and 1 child. Amenities include city view, safe, air conditioning and iron. The rate includes breakfast. The cancellation policy for this room is moderate.",2,1,one king-size bed,16,private,city view;safe;air conditioning;iron,True,52.49,True,moderate
21,7,twin,"The twin room at Aparthotel Lighthouse has an area of approximately 24 m2 and is furnished with two single beds, with room for up to 2 adults and 1 child.

Amenities include coffee machine, jacuzzi, sea view and heating. Breakfast is not included in the base rate, although it can be added. The cancellation policy for this room is moderate.",2,1,two single beds,24,private,coffee machine;jacuzzi;sea view;heating,False,50.42,False,moderate
22,8,double,"The double room at Boutique Hotel Willow Grove has an area of approximately 24 m2 and is furnished with one double bed, with room for up to 2 adults and 1 child. Amenities include terrace, coffee machine, safe, jacuzzi, soundproofing and iron. The rate includes breakfast. The cancellation policy for this room is strict.",2,1,one double bed,24,private,terrace;coffee machine;safe;jacuzzi;soundproofing;iron,False,161.2,True,strict
23,8,junior suite,"The junior suite room at Boutique Hotel Willow Grove has an area of approximately 37 m2 and is furnished with one double bed and a sitting area, with room for up to 2 adults and 2 children.

Amenities include jacuzzi, soundproofing, tv, heating, safe, coffee machine, balcony and air conditioning. The rate includes breakfast. The cancellation policy for this room is flexible.",2,2,one double bed and a sitting area,37,private,jacuzzi;soundproofing;tv;heating;safe;coffee machine;balcony;air conditioning,True,295.61,True,flexible
24,8,triple,"The triple room at Boutique Hotel Willow Grove has an area of approximately 26 m2 and is furnished with one double bed and one single bed, with room for up to 3 adults and 1 child.

Amenities include hairdryer, iron, air conditioning, heating, jacuzzi, tv, terrace and desk. The rate includes breakfast. The cancellation policy for this room is non-refundable.",3,1,one double bed and one single bed,26,private,hairdryer;iron;air conditioning;heating;jacuzzi;tv;terrace;desk,False,210.59,True,non-refundable
25,8,twin,"The twin room at Boutique Hotel Willow Grove has an area of approximately 19 m2 and is furnished with two single beds, with room for up to 2 adults and 1 child.

Amenities include coffee machine, balcony, sea view and terrace. The rate includes breakfast. The cancellation policy for this room is strict.",2,1,two single beds,19,private,coffee machine;balcony;sea view;terrace,False,155.87,True,strict
26,9,double,"The double room at Hotel Central Park has an area of approximately 23 m2 and is furnished with one double bed, with room for up to 2 adults and 1 child. Amenities include wifi, hairdryer, safe, balcony and soundproofing. The rate includes breakfast. The cancellation policy for this room is moderate.",2,1,one double bed,23,private,wifi;hairdryer;safe;balcony;soundproofing,True,151.62,True,moderate
27,9,family,"The family room at Hotel Central Park has an area of approximately 50 m2 and is furnished with one double bed and a sofa bed, with room for up to 4 adults and 2 children.

Amenities include tv, safe, hairdryer, minibar, iron and heating. Breakfast is not included in the base rate, although it can be added. The cancellation policy for this room is moderate.",4,2,one double bed and a sofa bed,50,shared,tv;safe;hairdryer;minibar;iron;heating,False,261.94,False,moderate
28,9,triple,"The triple room at Hotel Central Park has an area of approximately 33 m2 and is furnished with one double bed and one single bed, with room for up to 3 adults and 1 child. Amenities include safe, heating, sea view, coffee machine, tv, minibar and terrace. The rate includes breakfast. The cancellation policy for this room is non-refundable.",3,1,one double bed and one single bed,33,private,safe;heating;sea view;coffee machine;tv;minibar;terrace,True,191.05,True,non-refundable
29,10,family,"The family room at Hotel Marina has an area of approximately 37 m2 and is furnished with two double beds, with room for up to 4 adults and 2 children.

Amenities include tv, iron and heating. The rate includes breakfast. The cancellation policy for this room is non-refundable.",4,2,two double beds,37,private,tv;iron;heating,False,227.23,True,non-refundable
30,10,triple,"The triple room at Hotel Marina has an area of approximately 33 m2 and is furnished with one double bed and one single bed, with room for up to 3 adults and 1 child.

Amenities include desk, soundproofing and wifi. The rate includes breakfast. The cancellation policy for this room is flexible.",3,1,one double bed and one single bed,33,private,desk;soundproofing;wifi,True,231.43,True,flexible
31,10,double,"The double room at Hotel Marina has an area of approximately 26 m2 and is furnished with one double bed, with room for up to 2 adults and 1 child.

Amenities include heating, jacuzzi, city view, iron, balcony, coffee machine and air conditioning. The rate includes breakfast. The cancellation policy for this room is strict.",2,1,one double bed,26,private,heating;jacuzzi;city view;iron;balcony;coffee machine;air conditioning,True,162.77,True,strict
32,10,junior suite,"The junior suite room at Hotel Marina has an area of approximately 42 m2 and is furnished with one double bed and a sitting area, with room for up to 2 adults and 2 children. Amenities include sea view, terrace, desk and wifi. Breakfast is not included in the base rate, although it can be added. The cancellation policy for this room is strict.",2,2,one double bed and a sitting area,42,private,sea view;terrace;desk;wifi,False,263.68,False,strict
33,10,suite,"The suite room at Hotel Marina has an area of approximately 65 m2 and is furnished with one king-size bed and a sofa bed, with room for up to 3 adults and 2 children.

Amenities include balcony, air conditioning, sea view, city view, safe, minibar and desk. Breakfast is not included in the base rate, although it can be added. The cancellation policy for this room is non-refundable.",3,2,one king-size bed and a sofa bed,65,private,balcony;air conditioning;sea view;city view;safe;minibar;desk,False,302.74,False,non-refundable
34,11,double,"The double room at Manor St. Mark's has an area of approximately 25 m2 and is furnished with one double bed, with room for up to 2 adults and 1 child.

Amenities include tv, safe, hairdryer and heating. Breakfast is not included in the base rate, although it can be added. The cancellation policy for this room is flexible.",2,1,one double bed,25,private,tv;safe;hairdryer;heating,True,81.39,False,flexible
35,11,twin,"The twin room at Manor St. Mark's has an area of approximately 26 m2 and is furnished with two single beds, with room for up to 2 adults and 1 child. Amenities include hairdryer, city view and air conditioning. Breakfast is not included in the base rate, although it can be added. The cancellation policy for this room is non-refundable.",2,1,two single beds,26,shared,hairdryer;city view;air conditioning,True,78.42,False,non-refundable
36,11,single,"The single room at Manor St. Mark's has an area of approximately 14 m2 and is furnished with one single bed, with room for up to 1 adults. Amenities include heating, iron, safe and hairdryer. Breakfast is not included in the base rate, although it can be added. The cancellation policy for this room is flexible.",1,0,one single bed,14,private,heating;iron;safe;hairdryer,False,45.7,False,flexible
37,11,triple,"The triple room at Manor St. Mark's has an area of approximately 28 m2 and is furnished with one double bed and one single bed, with room for up to 3 adults and 1 child.

Amenities include heating, city view, air conditioning, coffee machine, iron and hairdryer. The rate includes breakfast. The cancellation policy for this room is strict.",3,1,one double bed and one single bed,28,shared,heating;city view;air conditioning;coffee machine;iron;hairdryer,False,114.86,True,strict
38,12,twin,"The twin room at Palace Harborview has an area of approximately 22 m2 and is furnished with two single beds, with room for up to 2 adults and 1 child.

Amenities include terrace, iron, sea view, desk and soundproofing. Breakfast is not included in the base rate, although it can be added. The cancellation policy for this room is flexible.",2,1,two single beds,22,private,terrace;iron;sea view;desk;soundproofing,False,33.13,False,flexible
39,12,double,"The double room at Palace Harborview has an area of approximately 29 m2 and is furnished with one double bed, with room for up to 2 adults and 1 child.

Amenities include tv, sea view and city view. The rate includes breakfast. The cancellation policy for this room is flexible.",2,1,one double bed,29,private,tv;sea view;city view,False,40.11,True,flexible
40,12,suite,"The suite room at Palace Harborview has an area of approximately 41 m2 and is furnished with one double bed and a separate lounge, with room for up to 3 adults and 2 children. Amenities include hairdryer, terrace and desk. Breakfast is not included in the base rate, although it can be added. The cancellation policy for this room is strict.",3,2,one double bed and a separate lounge,41,private,hairdryer;terrace;desk,False,96.34,False,strict
41,12,junior suite,"The junior suite room at Palace Harborview has an area of approximately 37 m2 and is furnished with one double bed and a sitting area, with room for up to 2 adults and 2 children.

Amenities include terrace, balcony and safe. The rate includes breakfast. The cancellation policy for this room is strict.",2,2,one double bed and a sitting area,37,private,terrace;balcony;safe,False,87.77,True,strict
42,12,single,"The single room at Palace Harborview has an area of approximately 16 m2 and is furnished with one single bed, with room for up to 1 adults.

Amenities include soundproofing, safe, iron, hairdryer and tv. Breakfast is not included in the base rate, although it can be added. The cancellation policy for this room is moderate.",1,0,one single bed,16,private,soundproofing;safe;iron;hairdryer;tv,False,28.73,False,moderate
43,13,double,"The double room at Aparthotel Central Park has an area of approximately 21 m2 and is furnished with one king-size bed, with room for up to 2 adults and 1 child.

Amenities include coffee machine, tv, desk, hairdryer, heating, balcony, jacuzzi and city view. Breakfast is not included in the base rate, although it can be added. The cancellation policy for this room is flexible.",2,1,one king-size bed,21,private,coffee machine;tv;desk;hairdryer;heating;balcony;jacuzzi;city view,False,99.73,False,flexible
44,13,junior suite,"The junior suite room at Aparthotel Central Park has an area of approximately 53 m2 and is furnished with one double bed and a sitting area, with room for up to 2 adults and 2 children.

Amenities include tv, minibar, sea view, coffee machine, wifi, air conditioning and jacuzzi. The rate includes breakfast. The cancellation policy for this room is strict.",2,2,one double bed and a sitting area,53,private,tv;minibar;sea view;coffee machine;wifi;air conditioning;jacuzzi,False,152.7,True,strict
45,13,single,"The single room at Aparthotel Central Park has an area of approximately 12 m2 and is furnished with one single bed, with room for up to 1 adults. Amenities include heating, hairdryer, iron, soundproofing, minibar, tv, terrace and coffee machine. The rate includes breakfast. The cancellation policy for this room is strict.",1,0,one single bed,12,shared,heating;hairdryer;iron;soundproofing;minibar;tv;terrace;coffee machine,False,56.38,True,strict
46,13,family,"The family room at Aparthotel Central Park has an area of approximately 32 m2 and is furnished with one double bed and a sofa bed, with room for up to 4 adults and 2 children.

Amenities include wifi, heating, safe, iron and desk. Breakfast is not included in the base rate, although it can be added. The cancellation policy for this room is non-refundable.",4,2,one double bed and a sofa bed,32,shared,wifi;heating;safe;iron;desk,False,132.76,False,non-refundable
47,14,junior suite,"The junior suite room at Inn Riverside has an area of approximately 38 m2 and is furnished with one double bed and a sitting area, with room for up to 2 adults and 2 children.

Amenities include safe, soundproofing, hairdryer, coffee machine, iron, tv, heating and wifi. Breakfast is not included in the base rate, although it can be added. The cancellation policy for this room is strict.",2,2,one double bed and a sitting area,38,private,safe;soundproofing;hairdryer;coffee machine;iron;tv;heating;wifi,False,578.65,False,strict
48,14,double,"The double room at Inn Riverside has an area of approximately 22 m2 and is furnished with one double bed, with room for up to 2 adults and 1 child.

Amenities include air conditioning, wifi, tv, coffee machine, terrace and sea view. The rate includes breakfast. The cancellation policy for this room is non-refundable.",2,1,one double bed,22,private,air conditioning;wifi;tv;coffee machine;terrace;sea view,False,339.44,True,non-refundable
49,15,junior suite,"The junior suite room at Hotel Lighthouse has an area of approximately 40 m2 and is furnished with one double bed and a sitting area, with room for up to 2 adults and 2 children. Amenities include minibar, balcony, hairdryer and safe. The rate includes breakfast. The cancellation policy for this room is flexible.",2,2,one double bed and a sitting area,40,private,minibar;balcony;hairdryer;safe,False,303.68,True,flexible
50,15,single,"The single room at Hotel Lighthouse has an area of approximately 18 m2 and is furnished with one single bed, with room for up to 1 adults.

Amenities include air conditioning, minibar, safe, wifi, hairdryer and coffee machine. Breakfast is not included in the base rate, although it can be added. The cancellation policy for this room is non-refundable.",1,0,one single bed,18,private,air conditioning;minibar;safe;wifi;hairdryer;coffee machine,False,102.88,False,non-refundable
51,15,family,"The family room at Hotel Lighthouse has an area of approximately 31 m2 and is furnished with one double bed and a sofa bed, with room for up to 4 adults and 2 children.

Amenities include jacuzzi, coffee machine, balcony and soundproofing. The rate includes breakfast. The cancellation policy for this room is non-refundable.",4,2,one double bed and a sofa bed,31,shared,jacuzzi;coffee machine;balcony;soundproofing,False,281.38,True,non-refundable
52,15,double,"The double room at Hotel Lighthouse has an area of approximately 17 m2 and is furnished with one double bed, with room for up to 2 adults and 1 child. Amenities include heating, hairdryer, safe and iron. The rate includes breakfast. The cancellation policy for this room is moderate.",2,1,one double bed,17,private,heating;hairdryer;safe;iron,True,155.11,True,moderate
53,15,twin,"The twin room at Hotel Lighthouse has an area of approximately 20 m2 and is furnished with two single beds, with room for up to 2 adults and 1 child. Amenities include hairdryer, desk, iron, safe, soundproofing, tv, balcony and city view. The rate includes breakfast. The cancellation policy for this room is flexible.",2,1,two single beds,20,private,hairdryer;desk;iron;safe;soundproofing;tv;balcony;city view,False,120.85,True,flexible
54,16,double,"The double room at Boutique Hotel Old Mill has an area of approximately 20 m2 and is furnished with one king-size bed, with room for up to 2 adults and 1 child.

Amenities include tv, iron, coffee machine, soundproofing, terrace and jacuzzi. Breakfast is not included in the base rate, although it can be added. The cancellation policy for this room is strict.",2,1,one king-size bed,20,private,tv;iron;coffee machine;soundproofing;terrace;jacuzzi,True,162.14,False,strict
55,16,triple,"The triple room at Boutique Hotel Old Mill has an area of approximately 26 m2 and is furnished with one double bed and one single bed, with room for up to 3 adults and 1 child.

Amenities include heating, iron, hairdryer, tv, wifi and city view. The rate includes breakfast. The cancellation policy for this room is moderate.",3,1,one double bed and one single bed,26,private,heating;iron;hairdryer;tv;wifi;city view,False,182.73,True,moderate
56,16,family,"The family room at Boutique Hotel Old Mill has an area of approximately 30 m2 and is furnished with four single beds, with room for up to 4 adults and 2 children.

Amenities include safe, coffee machine, wifi, desk, tv, balcony and hairdryer. Breakfast is not included in the base rate, although it can be added. The cancellation policy for this room is strict.",4,2,four single beds,30,private,safe;coffee machine;wifi;desk;tv;balcony;hairdryer,True,270.44,False,strict
57,17,double,"The double room at Boutique Hotel Golden Tower has an area of approximately 28 m2 and is furnished with one double bed, with room for up to 2 adults and 1 child. Amenities include tv, iron, soundproofing and balcony. The rate includes breakfast. The cancellation policy for this room is flexible.",2,1,one double bed,28,private,tv;iron;soundproofing;balcony,False,29.22,True,flexible
58,17,triple,"The triple room at Boutique Hotel Golden Tower has an area of approximately 32 m2 and is furnished with three single beds, with room for up to 3 adults and 1 child.

Amenities include sea view, desk, air conditioning and iron. Breakfast is not included in the base rate, although it can be added. The cancellation policy for this room is moderate.",3,1,three single beds,32,private,sea view;desk;air conditioning;iron,True,50.45,False,moderate
59,17,twin,"The twin room at Boutique Hotel Golden Tower has an area of approximately 19 m2 and is furnished with two single beds, with room for up to 2 adults and 1 child. Amenities include iron, wifi, soundproofing and air conditioning. Breakfast is not included in the base rate, although it can be added. The cancellation policy for this room is strict.",2,1,two single beds,19,private,iron;wifi;soundproofing;air conditioning,False,36.82,False,strict
60,18,twin,"The twin room at Inn Lighthouse has an area of approximately 19 m2 and is furnished with two single beds, with room for up to 2 adults and 1 child. Amenities include heating, jacuzzi, hairdryer, city view, sea view, iron, tv and coffee machine. The rate includes breakfast. The cancellation policy for this room is flexible.",2,1,two single beds,19,private,heating;jacuzzi;hairdryer;city view;sea view;iron;tv;coffee machine,False,159.3,True,flexible
61,18,double,"The double room at Inn Lighthouse has an area of approximately 32 m2 and is furnished with one double bed, with room for up to 2 adults and 1 child. Amenities include jacuzzi, tv, minibar and coffee machine. Breakfast is not included in the base rate, although it can be added. The cancellation policy for this room is moderate.",2,1,one double bed,32,private,jacuzzi;tv;minibar;coffee machine,False,139.95,False,moderate
62,18,triple,"The triple room at Inn Lighthouse has an area of approximately 27 m2 and is furnished with one double bed and one single bed, with room for up to 3 adults and 1 child.

Amenities include coffee machine, terrace, minibar, desk, safe, sea view, heating and balcony. Breakfast is not included in the base rate, although it can be added. The cancellation policy for this room is non-refundable.",3,1,one double bed and one single bed,27,private,coffee machine;terrace;minibar;desk;safe;sea view;heating;balcony,False,194.54,False,non-refundable
63,18,single,"The single room at Inn Lighthouse has an area of approximately 18 m2 and is furnished with one single bed, with room for up to 1 adults.

Amenities include balcony, hairdryer, heating, desk, city view, iron, sea view and minibar. The rate includes breakfast. The cancellation policy for this room is strict.",1,0,one single bed,18,private,balcony;hairdryer;heating;desk;city view;iron;sea view;minibar,True,109.08,True,strict
64,19,family,"The family room at Lodge Riverside has an area of approximately 38 m2 and is furnished with two double beds, with room for up to 4 adults and 2 children. Amenities include air conditioning, safe and iron. Breakfast is not included in the base rate, although it can be added. The cancellation policy for this room is moderate.",4,2,two double beds,38,private,air conditioning;safe;iron,False,119.64,False,moderate
65,19,twin,"The twin room at Lodge Riverside has an area of approximately 21 m2 and is furnished with two single beds, with room for up to 2 adults and 1 child.

Amenities include desk, safe, sea view, wifi, balcony, city view, coffee machine and tv. Breakfast is not included in the base rate, although it can be added. The cancellation policy for this room is strict.",2,1,two single beds,21,private,desk;safe;sea view;wifi;balcony;city view;coffee machine;tv,False,94.33,False,strict
66,19,double,"The double room at Lodge Riverside has an area of approximately 24 m2 and is furnished with one double bed, with room for up to 2 adults and 1 child.

Amenities include sea view, minibar, jacuzzi, city view, air conditioning, soundproofing and wifi. Breakfast is not included in the base rate, although it can be added. The cancellation policy for this room is moderate.",2,1,one double bed,24,private,sea view;minibar;jacuzzi;city view;air conditioning;soundproofing;wifi,False,76.56,False,moderate
67,19,triple,"The triple room at Lodge Riverside has an area of approximately 29 m2 and is furnished with one double bed and one single bed, with room for up to 3 adults and 1 child.

Amenities include air conditioning, minibar, iron, sea view, hairdryer, wifi and safe. Breakfast is not included in the base rate, although it can be added. The cancellation policy for this room is non-refundable.",3,1,one double bed and one single bed,29,private,air conditioning;minibar;iron;sea view;hairdryer;wifi;safe,True,113.23,False,non-refundable
68,19,suite,"The suite room at Lodge Riverside has an area of approximately 49 m2 and is furnished with one king-size bed and a sofa bed, with room for up to 3 adults and 2 children.

Amenities include balcony, minibar, jacuzzi, heating, safe and iron. Breakfast is not included in the base rate, although it can be added. The cancellation policy for this room is moderate.",3,2,one king-size bed and a sofa bed,49,private,balcony;minibar;jacuzzi;heating;safe;iron,False,216.88,False,moderate
69,20,double,"The double room at Palace Four Winds has an area of approximately 18 m2 and is furnished with one king-size bed, with room for up to 2 adults and 1 child.

Amenities include soundproofing, sea view, tv, iron, terrace and hairdryer. The rate includes breakfast. The cancellation policy for this room is flexible.",2,1,one king-size bed,18,private,soundproofing;sea view;tv;iron;terrace;hairdryer,False,185.05,True,flexible
70,20,junior suite,"The junior suite room at Palace Four Winds has an area of approximately 31 m2 and is furnished with one double bed and a sitting area, with room for up to 2 adults and 2 children. Amenities include heating, city view, balcony, iron, wifi and soundproofing. The rate includes breakfast. The cancellation policy for this room is moderate.",2,2,one double bed and a sitting area,31,private,heating;city view;balcony;iron;wifi;soundproofing,False,283.29,True,moderate
71,20,twin,"The twin room at Palace Four Winds has an area of approximately 29 m2 and is furnished with two single beds, with room for up to 2 adults and 1 child.

Amenities include hairdryer, soundproofing, minibar, heating, safe and sea view. Breakfast is not included in the base rate, although it can be added. The cancellation policy for this room is flexible.",2,1,two single beds,29,shared,hairdryer;soundproofing;minibar;heating;safe;sea view,False,172.56,False,flexible
72,21,suite,"The suite room at Hotel Sunset has an area of approximately 41 m2 and is furnished with one double bed and a separate lounge, with room for up to 3 adults and 2 children.

Amenities include minibar, soundproofing, tv, wifi, air conditioning and desk. The rate includes breakfast. The cancellation policy for this room is moderate.",3,2,one double bed and a separate lounge,41,private,minibar;soundproofing;tv;wifi;air conditioning;desk,False,161.87,True,moderate
73,21,junior suite,"The junior suite room at Hotel Sunset has an area of approximately 37 m2 and is furnished with one double bed and a sitting area, with room for up to 2 adults and 2 children.

Amenities include safe, desk, tv, air conditioning, hairdryer and sea view. Breakfast is not included in the base rate, although it can be added. The cancellation policy for this room is flexible.",2,2,one double bed and a sitting area,37,shared,safe;desk;tv;air conditioning;hairdryer;sea view,True,121.74,False,flexible
74,21,double,"The double room at Hotel Sunset has an area of approximately 25 m2 and is furnished with one double bed, with room for up to 2 adults and 1 child. Amenities include minibar, terrace, jacuzzi and wifi. Breakfast is not included in the base rate, although it can be added. The cancellation policy for this room is moderate.",2,1,one double bed,25,private,minibar;terrace;jacuzzi;wifi,True,68.45,False,moderate
75,21,single,"The single room at Hotel Sunset has an area of approximately 18 m2 and is furnished with one single bed, with room for up to 1 adults.

Amenities include minibar, city view, tv and balcony. Breakfast is not included in the base rate, although it can be added. The cancellation policy for this room is moderate.",1,0,one single bed,18,private,minibar;city view;tv;balcony,False,60.7,False,moderate
76,21,family,"The family room at Hotel Sunset has an area of approximately 41 m2 and is furnished with one double bed and a sofa bed, with room for up to 4 adults and 2 children. Amenities include jacuzzi, iron, soundproofing, wifi, heating, safe and air conditioning. Breakfast is not included in the base rate, although it can be added. The cancellation policy for this room is strict.",4,2,one double bed and a sofa bed,41,private,jacuzzi;iron;soundproofing;wifi;heating;safe;air conditioning,False,145.92,False,strict
77,22,triple,"The triple room at Inn Mountain Rest has an area of approximately 23 m2 and is furnished with three single beds, with room for up to 3 adults and 1 child. Amenities include soundproofing, city view and coffee machine. The rate includes breakfast. The cancellation policy for this room is moderate.",3,1,three single beds,23,private,soundproofing;city view;coffee machine,False,344.8,True,moderate
78,22,junior suite,"The junior suite room at Inn Mountain Rest has an area of approximately 42 m2 and is furnished with one double bed and a sitting area, with room for up to 2 adults and 2 children. Amenities include wifi, jacuzzi and tv. The rate includes breakfast. The cancellation policy for this room is non-refundable.",2,2,one double bed and a sitting area,42,shared,wifi;jacuzzi;tv,True,577.48,True,non-refundable
79,22,single,"The single room at Inn Mountain Rest has an area of approximately 19 m2 and is furnished with one single bed, with room for up to 1 adults. Amenities include iron, tv, heating, terrace, balcony, jacuzzi, minibar and safe. The rate includes breakfast. The cancellation policy for this room is non-refundable.",1,0,one single bed,19,private,iron;tv;heating;terrace;balcony;jacuzzi;minibar;safe,True,178.02,True,non-refundable
80,22,double,"The double room at Inn Mountain Rest has an area of approximately 21 m2 and is furnished with one double bed, with room for up to 2 adults and 1 child.

Amenities include minibar, safe, soundproofing, hairdryer, sea view, air conditioning, wifi and heating. The rate includes breakfast. The cancellation policy for this room is moderate.",2,1,one double bed,21,shared,minibar;safe;soundproofing;hairdryer;sea view;air conditioning;wifi;heating,False,264.0,True,moderate
81,23,single,"The single room at Grand Hotel Cedar Hill has an area of approximately 13 m2 and is furnished with one single bed, with room for up to 1 adults.

Amenities include terrace, minibar, coffee machine, city view and soundproofing. Breakfast is not included in the base rate, although it can be added. The cancellation policy for this room is non-refundable.",1,0,one single bed,13,private,terrace;minibar;coffee machine;city view;soundproofing,True,24.65,False,non-refundable
82,23,junior suite,"The junior suite room at Grand Hotel Cedar Hill has an area of approximately 33 m2 and is furnished with one double bed and a sitting area, with room for up to 2 adults and 2 children.

Amenities include minibar, desk, city view, terrace and coffee machine. The rate includes breakfast. The cancellation policy for this room is flexible.",2,2,one double bed and a sitting area,33,private,minibar;desk;city view;terrace;coffee machine,False,73.69,True,flexible
83,23,double,"The double room at Grand Hotel Cedar Hill has an area of approximately 28 m2 and is furnished with one king-size bed, with room for up to 2 adults and 1 child. Amenities include wifi, balcony and sea view. Breakfast is not included in the base rate, although it can be added. The cancellation policy for this room is moderate.",2,1,one king-size bed,28,private,wifi;balcony;sea view,True,42.52,False,moderate
84,23,suite,"The suite room at Grand Hotel Cedar Hill has an area of approximately 63 m2 and is furnished with one double bed and a separate lounge, with room for up to 3 adults and 2 children.

Amenities include sea view, air conditioning, coffee machine, city view and hairdryer. Breakfast is not included in the base rate, although it can be added. The cancellation policy for this room is strict.",3,2,one double bed and a separate lounge,63,private,sea view;air conditioning;coffee machine;city view;hairdryer,False,113.41,False,strict
85,23,triple,"The triple room at Grand Hotel Cedar Hill has an area of approximately 29 m2 and is furnished with three single beds, with room for up to 3 adults and 1 child.

Amenities include tv, hairdryer, balcony, desk and safe. Breakfast is not included in the base rate, although it can be added. The cancellation policy for this room is flexible.",3,1,three single beds,29,private,tv;hairdryer;balcony;desk;safe,False,48.67,False,flexible
86,24,suite,"The suite room at Boutique Hotel Central Park has an area of approximately 64 m2 and is furnished with one king-size bed and a sofa bed, with room for up to 3 adults and 2 children. Amenities include desk, minibar, wifi and hairdryer. The rate includes breakfast. The cancellation policy for this room is moderate.",3,2,one king-size bed and a sofa bed,64,shared,desk;minibar;wifi;hairdryer,False,67.21,True,moderate
87,24,family,"The family room at Boutique Hotel Central Park has an area of approximately 50 m2 and is furnished with four single beds, with room for up to 4 adults and 2 children.

Amenities include air conditioning, balcony, terrace, city view and hairdryer. Breakfast is not included in the base rate, although it can be added. The cancellation policy for this room is non-refundable.",4,2,four single beds,50,private,air conditioning;balcony;terrace;city view;hairdryer,True,80.29,False,non-refundable
88,24,double,"The double room at Boutique Hotel Central Park has an area of approximately 24 m2 and is furnished with one double bed, with room for up to 2 adults and 1 child.

Amenities include soundproofing, desk, balcony, tv, jacuzzi and iron. Breakfast is not included in the base rate, although it can be added. The cancellation policy for this room is moderate.",2,1,one double bed,24,private,soundproofing;desk;balcony;tv;jacuzzi;iron,False,45.59,False,moderate
89,24,triple,"The triple room at Boutique Hotel Central Park has an area of approximately 31 m2 and is furnished with one double bed and one single bed, with room for up to 3 adults and 1 child.

Amenities include iron, soundproofing, sea view, city view and coffee machine. Breakfast is not included in the base rate, although it can be added. The cancellation policy for this room is flexible.",3,1,one double bed and one single bed,31,private,iron;soundproofing;sea view;city view;coffee machine,True,61.69,False,flexible
90,25,double,"The double room at Hotel Palm Grove has an area of approximately 21 m2 and is furnished with one king-size bed, with room for up to 2 adults and 1 child. Amenities include hairdryer, desk, safe, city view and sea view. Breakfast is not included in the base rate, although it can be added. The cancellation policy for this room is strict.",2,1,one king-size bed,21,private,hairdryer;desk;safe;city view;sea view,True,43.02,False,strict
91,25,single,"The single room at Hotel Palm Grove has an area of approximately 16 m2 and is furnished with one single bed, with room for up to 1 adults.

Amenities include safe, tv, soundproofing, air conditioning and coffee machine. Breakfast is not included in the base rate, although it can be added. The cancellation policy for this room is flexible.",1,0,one single bed,16,private,safe;tv;soundproofing;air conditioning;coffee machine,True,25.85,False,flexible
92,25,junior suite,"The junior suite room at Hotel Palm Grove has an area of approximately 35 m2 and is furnished with one double bed and a sitting area, with room for up to 2 adults and 2 children.

Amenities include air conditioning, desk, tv and iron. Breakfast is not included in the base rate, although it can be added. The cancellation policy for this room is flexible.",2,2,one double bed and a sitting area,35,private,air conditioning;desk;tv;iron,True,81.22,False,flexible
